customer_id,age,city_tier,tenure_months
1,25,Tier 1,9
2,58,Tier 2,60
3,53,Tier 3,68
4,42,Tier 3,88
5,42,Tier 1,69
6,63,Tier 1,23
7,25,Tier 3,44
8,55,Tier 3,53
9,30,Tier 2,118
10,25,Tier 2,64
11,46,Tier 2,76
12,68,Tier 1,88
13,57,Tier 1,44
14,58,Tier 1,115
15,56,Tier 1,81
16,59,Tier 3,101
17,46,Tier 1,90
18,27,Tier 1,74
19,62,Tier 2,4
20,43,Tier 1,70
21,45,Tier 1,16
22,39,Tier 2,72
23,29,Tier 1,84
24,66,Tier 2,65
25,59,Tier 3,37
26,52,Tier 1,8
27,40,Tier 3,80
28,61,Tier 3,84
29,47,Tier 3,57
30,42,Tier 2,86
31,43,Tier 2,93
32,32,Tier 2,61
33,25,Tier 2,6
34,48,Tier 1,104
35,64,Tier 3,56
36,24,Tier 2,81
37,63,Tier 2,109
38,61,Tier 1,44
39,34,Tier 1,75
40,51,Tier 2,3
41,29,Tier 2,106
42,58,Tier 1,8
43,55,Tier 1,65
44,38,Tier 1,42
45,24,Tier 2,5
46,68,Tier 1,55
47,42,Tier 3,112
48,64,Tier 1,20
49,54,Tier 1,35
50,59,Tier 1,23
51,58,Tier 2,15
52,30,Tier 2,28
53,38,Tier 2,69
54,43,Tier 3,93
55,45,Tier 1,83
56,23,Tier 2,92
57,47,Tier 1,86
58,28,Tier 1,46
59,57,Tier 2,108
60,54,Tier 1,21
61,66,Tier 2,84
62,57,Tier 2,14
63,38,Tier 2,92
64,68,Tier 2,11
65,41,Tier 2,26
66,36,Tier 1,47
67,65,Tier 1,83
68,39,Tier 1,6
69,24,Tier 2,31
70,44,Tier 3,40
71,59,Tier 1,87
72,30,Tier 2,115
73,43,Tier 2,74
74,27,Tier 3,61
75,54,Tier 2,41
76,44,Tier 2,98
77,37,Tier 2,13
78,32,Tier 3,16
79,48,Tier 1,24
80,53,Tier 3,32
81,67,Tier 1,55
82,42,Tier 3,113
83,28,Tier 1,78
84,61,Tier 1,46
85,51,Tier 1,26
86,55,Tier 1,78
87,25,Tier 1,31
88,36,Tier 1,117
89,58,Tier 2,57
90,61,Tier 1,66
91,42,Tier 2,108
92,60,Tier 3,37
93,62,Tier 2,57
94,39,Tier 1,64
95,65,Tier 1,33
96,35,Tier 3,7
97,32,Tier 1,34
98,54,Tier 1,14
99,52,Tier 3,81
100,27,Tier 3,1
101,61,Tier 1,38
102,30,Tier 2,106
103,60,Tier 2,68
104,21,Tier 2,80
105,60,Tier 1,80
106,59,Tier 1,36
107,59,Tier 2,76
108,53,Tier 1,27
109,44,Tier 2,76
110,55,Tier 1,82
111,34,Tier 3,105
112,59,Tier 3,110
113,48,Tier 2,3
114,43,Tier 2,36
115,45,Tier 1,66
116,48,Tier 2,39
117,22,Tier 1,74
118,27,Tier 3,102
119,33,Tier 3,31
120,26,Tier 3,107
121,42,Tier 3,105
122,53,Tier 3,109
123,53,Tier 1,9
124,44,Tier 3,35
125,62,Tier 2,15
126,48,Tier 1,15
127,24,Tier 2,7
128,58,Tier 1,53
129,49,Tier 1,11
130,52,Tier 1,36
131,48,Tier 1,117
132,48,Tier 2,106
133,25,Tier 3,112
134,48,Tier 2,5
135,59,Tier 2,79
136,35,Tier 1,76
137,50,Tier 2,16
138,22,Tier 1,108
139,38,Tier 3,49
140,42,Tier 1,117
141,69,Tier 2,14
142,31,Tier 2,78
143,34,Tier 2,16
144,41,Tier 3,114
145,69,Tier 1,73
146,62,Tier 3,10
147,22,Tier 2,26
148,32,Tier 2,43
149,61,Tier 2,2
150,23,Tier 3,2
151,62,Tier 3,111
152,34,Tier 1,117
153,65,Tier 3,64
154,35,Tier 2,108
155,42,Tier 2,78
156,53,Tier 3,4
157,27,Tier 1,86
158,48,Tier 2,3
159,45,Tier 1,98
160,59,Tier 1,44
161,69,Tier 3,17
162,53,Tier 1,31
163,41,Tier 1,82
164,40,Tier 1,101
165,41,Tier 2,68
166,60,Tier 3,20
167,36,Tier 3,108
168,29,Tier 1,95
169,37,Tier 2,49
170,22,Tier 2,66
171,26,Tier 2,115
172,25,Tier 1,45
173,58,Tier 1,4
174,56,Tier 2,18
175,55,Tier 2,72
176,43,Tier 2,119
177,56,Tier 2,89
178,28,Tier 3,74
179,65,Tier 2,39
180,45,Tier 1,53
181,66,Tier 3,5
182,28,Tier 3,45
183,45,Tier 1,75
184,55,Tier 2,108
185,45,Tier 1,110
186,42,Tier 2,98
187,29,Tier 1,3
188,39,Tier 2,97
189,32,Tier 1,27
190,35,Tier 2,74
191,54,Tier 3,113
192,51,Tier 1,106
193,50,Tier 3,80
194,38,Tier 3,36
195,68,Tier 3,62
196,25,Tier 1,84
197,37,Tier 3,62
198,26,Tier 1,49
199,37,Tier 1,48
200,68,Tier 3,72
201,38,Tier 2,5
202,65,Tier 2,119
203,45,Tier 1,13
204,55,Tier 3,118
205,43,Tier 2,5
206,34,Tier 2,62
207,58,Tier 3,50
208,68,Tier 1,69
209,33,Tier 1,52
210,59,Tier 2,107
211,33,Tier 3,2
212,56,Tier 1,118
213,59,Tier 1,83
214,43,Tier 1,93
215,57,Tier 3,17
216,34,Tier 1,8
217,24,Tier 2,48
218,25,Tier 3,39
219,42,Tier 1,94
220,65,Tier 2,107
221,27,Tier 2,51
222,43,Tier 3,92
223,55,Tier 1,8
224,30,Tier 1,89
225,56,Tier 1,12
226,35,Tier 2,80
227,60,Tier 2,46
228,49,Tier 1,50
229,47,Tier 1,33
230,29,Tier 3,48
231,43,Tier 1,105
232,62,Tier 1,97
233,21,Tier 2,41
234,58,Tier 1,35
235,45,Tier 1,61
236,56,Tier 2,82
237,53,Tier 1,22
238,42,Tier 2,87
239,36,Tier 2,113
240,51,Tier 2,101
241,27,Tier 1,66
242,49,Tier 3,39
243,25,Tier 1,39
244,52,Tier 2,89
245,51,Tier 1,55
246,25,Tier 2,13
247,58,Tier 1,81
248,41,Tier 1,17
249,59,Tier 2,118
250,23,Tier 1,50
251,29,Tier 1,41
252,45,Tier 2,7
253,30,Tier 3,20
254,37,Tier 1,113
255,53,Tier 3,64
256,28,Tier 2,108
257,54,Tier 3,114
258,26,Tier 2,6
259,29,Tier 2,46
260,49,Tier 2,100
261,59,Tier 2,59
262,29,Tier 3,61
263,35,Tier 1,68
264,66,Tier 1,84
265,69,Tier 1,112
266,49,Tier 3,106
267,42,Tier 1,75
268,37,Tier 2,69
269,51,Tier 3,43
270,49,Tier 3,14
271,35,Tier 1,85
272,22,Tier 2,1
273,28,Tier 3,84
274,67,Tier 1,60
275,41,Tier 2,94
276,44,Tier 1,113
277,43,Tier 2,66
278,59,Tier 2,69
279,24,Tier 1,58
280,25,Tier 1,45
281,34,Tier 1,11
282,44,Tier 1,4
283,53,Tier 2,87
284,45,Tier 1,109
285,42,Tier 1,7
286,66,Tier 2,39
287,28,Tier 2,73
288,49,Tier 2,84
289,47,Tier 3,88
290,44,Tier 1,83
291,60,Tier 3,10
292,34,Tier 1,31
293,67,Tier 2,56
294,37,Tier 3,8
295,47,Tier 3,41
296,46,Tier 2,46
297,62,Tier 2,117
298,42,Tier 1,38
299,34,Tier 2,116
300,22,Tier 2,84
301,38,Tier 3,83
302,61,Tier 2,98
303,21,Tier 1,101
304,64,Tier 2,27
305,47,Tier 1,51
306,27,Tier 1,63
307,35,Tier 1,117
308,48,Tier 2,5
309,36,Tier 1,57
310,26,Tier 1,26
311,53,Tier 1,25
312,53,Tier 3,91
313,26,Tier 2,25
314,34,Tier 1,95
315,32,Tier 1,119
316,53,Tier 2,93
317,56,Tier 1,21
318,56,Tier 2,17
319,66,Tier 1,53
320,58,Tier 3,66
321,36,Tier 1,93
322,26,Tier 2,51
323,51,Tier 1,20
324,65,Tier 3,118
325,68,Tier 3,108
326,32,Tier 2,78
327,32,Tier 2,83
328,22,Tier 1,112
329,27,Tier 3,57
330,48,Tier 2,18
331,47,Tier 1,73
332,39,Tier 2,54
333,36,Tier 2,96
334,61,Tier 3,92
335,43,Tier 2,57
336,60,Tier 2,44
337,68,Tier 2,51
338,36,Tier 1,76
339,30,Tier 1,76
340,67,Tier 1,61
341,52,Tier 2,64
342,35,Tier 1,119
343,51,Tier 1,31
344,46,Tier 1,21
345,65,Tier 1,96
346,33,Tier 2,112
347,69,Tier 1,73
348,66,Tier 1,48
349,29,Tier 2,42
350,29,Tier 1,56
351,47,Tier 1,7
352,23,Tier 1,63
353,35,Tier 3,33
354,42,Tier 1,32
355,68,Tier 2,67
356,69,Tier 3,115
357,28,Tier 2,25
358,64,Tier 1,109
359,25,Tier 2,62
360,57,Tier 2,116
361,62,Tier 1,46
362,64,Tier 2,119
363,31,Tier 1,79
364,64,Tier 1,80
365,26,Tier 1,68
366,46,Tier 1,54
367,44,Tier 1,63
368,36,Tier 2,102
369,22,Tier 3,95
370,58,Tier 1,3
371,37,Tier 2,83
372,53,Tier 2,100
373,41,Tier 1,89
374,39,Tier 1,60
375,64,Tier 1,40
376,25,Tier 1,81
377,57,Tier 1,79
378,57,Tier 1,45
379,39,Tier 2,49
380,33,Tier 1,44
381,21,Tier 1,6
382,66,Tier 1,4
383,67,Tier 2,10
384,32,Tier 1,51
385,22,Tier 2,61
386,27,Tier 1,49
387,24,Tier 1,114
388,61,Tier 3,27
389,64,Tier 1,47
390,28,Tier 1,30
391,57,Tier 1,36
392,29,Tier 3,70
393,38,Tier 2,37
394,50,Tier 2,38
395,56,Tier 3,80
396,63,Tier 1,99
397,23,Tier 3,26
398,30,Tier 1,14
399,34,Tier 2,29
400,36,Tier 1,69
401,69,Tier 1,115
402,59,Tier 3,20
403,36,Tier 1,6
404,68,Tier 3,63
405,45,Tier 1,118
406,45,Tier 2,66
407,42,Tier 3,111
408,28,Tier 1,77
409,66,Tier 3,4
410,21,Tier 2,51
411,29,Tier 2,92
412,32,Tier 1,61
413,34,Tier 2,24
414,27,Tier 2,22
415,21,Tier 2,79
416,54,Tier 1,56
417,68,Tier 1,69
418,26,Tier 3,45
419,35,Tier 1,41
420,45,Tier 2,80
421,66,Tier 3,1
422,55,Tier 1,52
423,58,Tier 1,45
424,49,Tier 2,93
425,41,Tier 1,87
426,30,Tier 2,51
427,63,Tier 2,32
428,60,Tier 2,29
429,22,Tier 1,26
430,56,Tier 2,33
431,25,Tier 2,91
432,57,Tier 1,6
433,61,Tier 2,4
434,27,Tier 3,65
435,42,Tier 2,27
436,27,Tier 2,99
437,48,Tier 1,90
438,66,Tier 1,92
439,24,Tier 1,55
440,40,Tier 1,53
441,68,Tier 3,51
442,35,Tier 1,24
443,27,Tier 3,68
444,44,Tier 1,103
445,45,Tier 1,31
446,53,Tier 1,7
447,36,Tier 1,68
448,67,Tier 2,48
449,46,Tier 3,95
450,35,Tier 3,102
451,68,Tier 1,114
452,66,Tier 2,47
453,45,Tier 1,108
454,22,Tier 3,15
455,50,Tier 2,45
456,48,Tier 1,32
457,28,Tier 1,110
458,52,Tier 1,72
459,62,Tier 1,44
460,26,Tier 3,19
461,56,Tier 2,94
462,27,Tier 3,78
463,57,Tier 1,102
464,41,Tier 2,53
465,21,Tier 1,18
466,68,Tier 2,40
467,29,Tier 1,74
468,50,Tier 1,29
469,29,Tier 2,9
470,66,Tier 1,98
471,57,Tier 2,64
472,60,Tier 2,48
473,42,Tier 1,66
474,43,Tier 3,88
475,52,Tier 2,1
476,59,Tier 3,53
477,62,Tier 2,31
478,21,Tier 2,11
479,53,Tier 2,5
480,26,Tier 3,53
481,35,Tier 2,65
482,61,Tier 1,61
483,33,Tier 1,94
484,60,Tier 2,55
485,43,Tier 1,71
486,32,Tier 1,98
487,37,Tier 1,79
488,47,Tier 2,109
489,58,Tier 1,27
490,50,Tier 2,94
491,66,Tier 2,83
492,63,Tier 3,70
493,57,Tier 1,1
494,50,Tier 2,65
495,35,Tier 2,103
496,41,Tier 2,77
497,26,Tier 2,1
498,39,Tier 1,35
499,66,Tier 3,68
500,41,Tier 1,97
501,26,Tier 3,53
502,52,Tier 2,102
503,68,Tier 1,95
504,63,Tier 2,32
505,34,Tier 1,24
506,43,Tier 2,108
507,47,Tier 2,71
508,33,Tier 1,101
509,34,Tier 1,110
510,32,Tier 2,51
511,69,Tier 1,6
512,57,Tier 3,109
513,62,Tier 2,70
514,61,Tier 2,15
515,67,Tier 1,64
516,26,Tier 2,4
517,64,Tier 3,35
518,24,Tier 1,42
519,44,Tier 1,55
520,50,Tier 1,68
521,38,Tier 1,100
522,28,Tier 2,42
523,30,Tier 2,88
524,61,Tier 2,113
525,36,Tier 1,90
526,36,Tier 1,31
527,66,Tier 1,81
528,28,Tier 3,34
529,65,Tier 2,57
530,66,Tier 1,76
531,50,Tier 2,35
532,29,Tier 1,1
533,28,Tier 1,100
534,34,Tier 1,87
535,49,Tier 3,15
536,28,Tier 2,45
537,43,Tier 2,32
538,26,Tier 1,117
539,47,Tier 1,113
540,22,Tier 2,83
541,55,Tier 1,53
542,23,Tier 3,7
543,30,Tier 2,30
544,29,Tier 1,12
545,61,Tier 2,94
546,23,Tier 3,11
547,42,Tier 2,81
548,49,Tier 2,114
549,46,Tier 3,37
550,54,Tier 1,82
551,60,Tier 3,105
552,40,Tier 1,51
553,61,Tier 2,54
554,36,Tier 2,24
555,69,Tier 2,51
556,45,Tier 2,104
557,57,Tier 2,79
558,63,Tier 1,24
559,59,Tier 1,63
560,62,Tier 1,85
561,47,Tier 2,10
562,23,Tier 1,91
563,45,Tier 1,24
564,29,Tier 3,36
565,64,Tier 1,50
566,32,Tier 1,61
567,32,Tier 1,110
568,33,Tier 1,27
569,52,Tier 2,31
570,48,Tier 1,46
571,67,Tier 1,103
572,41,Tier 3,115
573,34,Tier 3,55
574,23,Tier 2,83
575,21,Tier 3,110
576,39,Tier 3,101
577,66,Tier 1,82
578,46,Tier 2,65
579,64,Tier 2,118
580,25,Tier 1,29
581,25,Tier 1,44
582,61,Tier 1,85
583,26,Tier 2,3
584,23,Tier 2,60
585,40,Tier 2,102
586,66,Tier 1,22
587,54,Tier 1,96
588,25,Tier 2,50
589,62,Tier 2,103
590,62,Tier 3,76
591,60,Tier 3,19
592,65,Tier 3,88
593,32,Tier 3,7
594,68,Tier 3,29
595,36,Tier 2,106
596,60,Tier 1,105
597,49,Tier 1,6
598,59,Tier 1,46
599,51,Tier 1,12
600,52,Tier 1,33
601,51,Tier 3,116
602,59,Tier 1,24
603,57,Tier 3,77
604,27,Tier 2,96
605,61,Tier 2,105
606,47,Tier 2,43
607,36,Tier 1,83
608,46,Tier 2,58
609,68,Tier 1,13
610,63,Tier 3,27
611,61,Tier 1,90
612,43,Tier 1,82
613,59,Tier 2,63
614,39,Tier 2,93
615,54,Tier 2,83
616,52,Tier 2,41
617,33,Tier 1,35
618,34,Tier 2,113
619,23,Tier 1,116
620,27,Tier 1,4
621,42,Tier 1,95
622,44,Tier 1,16
623,29,Tier 1,103
624,41,Tier 2,71
625,50,Tier 1,82
626,32,Tier 1,84
627,37,Tier 2,72
628,39,Tier 1,30
629,45,Tier 2,97
630,38,Tier 3,66
631,57,Tier 1,65
632,37,Tier 3,38
633,42,Tier 1,2
634,39,Tier 1,66
635,29,Tier 2,42
636,54,Tier 2,79
637,32,Tier 3,44
638,35,Tier 1,116
639,59,Tier 2,82
640,67,Tier 1,55
641,53,Tier 1,85
642,65,Tier 1,78
643,62,Tier 3,74
644,44,Tier 1,69
645,58,Tier 3,111
646,37,Tier 2,38
647,43,Tier 2,52
648,47,Tier 2,31
649,68,Tier 3,68
650,62,Tier 1,118
651,44,Tier 1,73
652,52,Tier 2,25
653,30,Tier 1,110
654,60,Tier 1,95
655,48,Tier 1,53
656,47,Tier 1,18
657,58,Tier 1,48
658,52,Tier 1,96
659,24,Tier 3,69
660,35,Tier 1,23
661,29,Tier 3,19
662,57,Tier 3,116
663,22,Tier 1,54
664,30,Tier 2,82
665,50,Tier 2,43
666,55,Tier 2,11
667,45,Tier 1,50
668,63,Tier 1,83
669,66,Tier 1,40
670,27,Tier 2,72
671,67,Tier 3,53
672,51,Tier 2,41
673,52,Tier 2,31
674,25,Tier 3,32
675,51,Tier 2,31
676,56,Tier 1,86
677,49,Tier 3,41
678,25,Tier 1,89
679,46,Tier 1,38
680,66,Tier 2,39
681,56,Tier 3,110
682,27,Tier 1,105
683,68,Tier 2,48
684,67,Tier 1,32
685,29,Tier 1,86
686,60,Tier 1,9
687,40,Tier 2,55
688,50,Tier 3,72
689,42,Tier 1,81
690,59,Tier 1,13
691,69,Tier 1,1
692,59,Tier 1,33
693,66,Tier 2,15
694,67,Tier 2,61
695,25,Tier 2,110
696,33,Tier 1,35
697,56,Tier 2,54
698,49,Tier 1,26
699,23,Tier 1,6
700,25,Tier 3,84
701,46,Tier 2,31
702,51,Tier 3,66
703,29,Tier 3,82
704,29,Tier 2,100
705,27,Tier 3,23
706,48,Tier 1,70
707,21,Tier 1,109
708,49,Tier 1,58
709,44,Tier 1,5
710,43,Tier 1,32
711,54,Tier 1,95
712,46,Tier 2,95
713,56,Tier 2,38
714,58,Tier 2,24
715,66,Tier 1,35
716,60,Tier 2,29
717,46,Tier 1,89
718,45,Tier 1,101
719,32,Tier 1,6
720,50,Tier 1,89
721,27,Tier 1,90
722,66,Tier 3,73
723,62,Tier 2,104
724,26,Tier 2,5
725,59,Tier 1,84
726,26,Tier 3,16
727,56,Tier 2,107
728,25,Tier 1,60
729,44,Tier 2,11
730,53,Tier 2,89
731,56,Tier 1,90
732,41,Tier 1,56
733,66,Tier 2,37
734,58,Tier 1,3
735,31,Tier 1,109
736,53,Tier 1,22
737,56,Tier 3,101
738,37,Tier 1,71
739,57,Tier 1,82
740,65,Tier 1,83
741,61,Tier 3,103
742,58,Tier 2,4
743,52,Tier 3,118
744,34,Tier 1,6
745,59,Tier 1,119
746,38,Tier 2,32
747,47,Tier 1,101
748,36,Tier 3,10
749,36,Tier 3,55
750,28,Tier 2,65
751,68,Tier 3,114
752,28,Tier 2,15
753,25,Tier 1,5
754,66,Tier 2,78
755,48,Tier 1,6
756,42,Tier 3,93
757,57,Tier 1,5
758,39,Tier 1,116
759,27,Tier 2,64
760,56,Tier 1,113
761,29,Tier 1,16
762,48,Tier 2,33
763,67,Tier 1,55
764,66,Tier 2,4
765,38,Tier 1,13
766,59,Tier 1,40
767,51,Tier 1,88
768,44,Tier 2,85
769,27,Tier 3,11
770,39,Tier 1,8
771,52,Tier 3,79
772,69,Tier 2,43
773,21,Tier 2,95
774,56,Tier 2,36
775,62,Tier 2,44
776,67,Tier 3,27
777,41,Tier 2,32
778,26,Tier 2,85
779,34,Tier 1,57
780,62,Tier 1,79
781,64,Tier 2,10
782,52,Tier 1,64
783,27,Tier 1,55
784,26,Tier 1,109
785,44,Tier 1,51
786,49,Tier 2,13
787,22,Tier 2,83
788,54,Tier 1,18
789,47,Tier 1,109
790,21,Tier 1,46
791,25,Tier 1,94
792,43,Tier 2,79
793,56,Tier 2,56
794,61,Tier 2,70
795,42,Tier 2,22
796,35,Tier 3,9
797,68,Tier 2,92
798,43,Tier 2,115
799,36,Tier 2,103
800,42,Tier 1,37
801,21,Tier 3,43
802,35,Tier 1,43
803,46,Tier 1,84
804,66,Tier 3,75
805,57,Tier 2,95
806,59,Tier 1,113
807,47,Tier 1,47
808,26,Tier 1,79
809,40,Tier 2,60
810,69,Tier 1,114
811,23,Tier 3,43
812,64,Tier 3,23
813,54,Tier 2,46
814,34,Tier 2,74
815,59,Tier 1,114
816,62,Tier 1,99
817,23,Tier 2,3
818,26,Tier 1,61
819,53,Tier 1,19
820,69,Tier 1,44
821,22,Tier 1,113
822,53,Tier 1,118
823,27,Tier 2,19
824,52,Tier 3,17
825,51,Tier 2,83
826,25,Tier 3,49
827,54,Tier 1,52
828,64,Tier 3,104
829,63,Tier 2,110
830,22,Tier 1,108
831,33,Tier 3,94
832,32,Tier 1,117
833,43,Tier 1,86
834,28,Tier 1,106
835,62,Tier 1,65
836,59,Tier 1,7
837,60,Tier 2,98
838,30,Tier 3,111
839,21,Tier 1,38
840,65,Tier 2,51
841,35,Tier 1,69
842,53,Tier 3,78
843,65,Tier 1,81
844,22,Tier 1,47
845,21,Tier 2,102
846,21,Tier 2,97
847,28,Tier 2,113
848,23,Tier 2,69
849,61,Tier 2,10
850,50,Tier 1,101
851,69,Tier 1,10
852,60,Tier 1,24
853,68,Tier 1,34
854,32,Tier 1,23
855,35,Tier 2,87
856,62,Tier 1,53
857,32,Tier 2,27
858,23,Tier 2,1
859,53,Tier 2,26
860,60,Tier 2,83
861,68,Tier 1,95
862,66,Tier 1,36
863,26,Tier 2,9
864,58,Tier 2,67
865,62,Tier 1,94
866,55,Tier 1,9
867,61,Tier 2,95
868,62,Tier 2,21
869,42,Tier 1,31
870,22,Tier 1,75
871,43,Tier 3,7
872,30,Tier 1,37
873,26,Tier 3,17
874,27,Tier 1,26
875,55,Tier 2,93
876,45,Tier 1,28
877,47,Tier 1,6
878,57,Tier 3,26
879,47,Tier 2,11
880,51,Tier 3,75
881,25,Tier 1,116
882,62,Tier 3,20
883,42,Tier 3,87
884,28,Tier 2,44
885,60,Tier 1,9
886,56,Tier 2,82
887,23,Tier 2,25
888,30,Tier 3,62
889,21,Tier 1,61
890,34,Tier 1,72
891,25,Tier 1,17
892,55,Tier 2,30
893,46,Tier 3,88
894,69,Tier 1,111
895,57,Tier 2,2
896,50,Tier 3,50
897,45,Tier 1,105
898,23,Tier 1,35
899,24,Tier 2,54
900,51,Tier 2,108
901,21,Tier 1,116
902,23,Tier 3,78
903,31,Tier 2,83
904,64,Tier 3,74
905,43,Tier 3,34
906,55,Tier 3,106
907,41,Tier 2,5
908,29,Tier 1,7
909,39,Tier 2,72
910,25,Tier 1,100
911,58,Tier 2,97
912,29,Tier 1,81
913,39,Tier 2,45
914,69,Tier 1,43
915,50,Tier 1,51
916,43,Tier 1,31
917,47,Tier 2,50
918,59,Tier 2,13
919,33,Tier 1,39
920,52,Tier 3,112
921,63,Tier 3,85
922,49,Tier 1,17
923,42,Tier 2,35
924,28,Tier 1,31
925,33,Tier 1,34
926,67,Tier 2,83
927,47,Tier 1,107
928,35,Tier 3,85
929,41,Tier 3,59
930,49,Tier 3,20
931,47,Tier 2,18
932,55,Tier 2,97
933,33,Tier 3,81
934,52,Tier 1,61
935,42,Tier 1,69
936,67,Tier 2,101
937,28,Tier 1,97
938,28,Tier 1,11
939,43,Tier 1,48
940,45,Tier 2,6
941,54,Tier 1,46
942,40,Tier 1,76
943,65,Tier 1,25
944,44,Tier 1,18
945,27,Tier 3,59
946,26,Tier 1,63
947,68,Tier 2,85
948,27,Tier 2,2
949,67,Tier 1,30
950,34,Tier 3,93
951,25,Tier 2,82
952,35,Tier 2,108
953,51,Tier 1,97
954,41,Tier 1,100
955,59,Tier 3,61
956,50,Tier 2,115
957,40,Tier 3,50
958,52,Tier 3,108
959,68,Tier 1,47
960,41,Tier 2,53
961,28,Tier 2,82
962,41,Tier 2,48
963,62,Tier 1,18
964,31,Tier 1,107
965,67,Tier 2,54
966,49,Tier 2,111
967,50,Tier 2,48
968,36,Tier 1,116
969,66,Tier 1,72
970,22,Tier 3,92
971,35,Tier 1,90
972,41,Tier 1,25
973,44,Tier 2,98
974,44,Tier 1,113
975,28,Tier 2,79
976,32,Tier 1,113
977,25,Tier 3,101
978,49,Tier 3,80
979,38,Tier 3,57
980,48,Tier 2,103
981,49,Tier 1,23
982,55,Tier 2,67
983,47,Tier 3,98
984,52,Tier 2,113
985,49,Tier 2,32
986,52,Tier 2,12
987,51,Tier 2,40
988,36,Tier 2,103
989,33,Tier 1,63
990,59,Tier 2,7
991,37,Tier 2,15
992,47,Tier 1,41
993,30,Tier 3,41
994,42,Tier 2,17
995,46,Tier 1,59
996,51,Tier 3,58
997,46,Tier 2,24
998,38,Tier 2,28
999,68,Tier 1,80
1000,46,Tier 3,114
1001,60,Tier 1,119
1002,57,Tier 2,67
1003,48,Tier 1,5
1004,64,Tier 2,107
1005,27,Tier 2,114
1006,66,Tier 2,34
1007,62,Tier 2,48
1008,45,Tier 3,4
1009,56,Tier 2,96
1010,46,Tier 1,93
1011,34,Tier 3,3
1012,60,Tier 2,84
1013,33,Tier 3,50
1014,36,Tier 3,65
1015,46,Tier 3,26
1016,62,Tier 2,98
1017,39,Tier 2,49
1018,45,Tier 1,100
1019,23,Tier 2,18
1020,26,Tier 2,70
1021,23,Tier 2,37
1022,24,Tier 3,115
1023,63,Tier 1,67
1024,62,Tier 1,86
1025,61,Tier 2,11
1026,23,Tier 1,81
1027,24,Tier 1,13
1028,34,Tier 1,44
1029,48,Tier 3,27
1030,37,Tier 2,1
1031,44,Tier 1,70
1032,29,Tier 1,29
1033,56,Tier 2,61
1034,36,Tier 1,91
1035,24,Tier 2,22
1036,57,Tier 2,85
1037,65,Tier 1,36
1038,21,Tier 2,40
1039,42,Tier 1,69
1040,61,Tier 1,75
1041,55,Tier 3,78
1042,62,Tier 2,24
1043,41,Tier 3,69
1044,39,Tier 1,32
1045,55,Tier 1,33
1046,28,Tier 2,113
1047,32,Tier 2,13
1048,50,Tier 3,50
1049,53,Tier 1,53
1050,26,Tier 3,30
1051,45,Tier 3,94
1052,38,Tier 2,58
1053,45,Tier 1,86
1054,67,Tier 2,47
1055,24,Tier 1,107
1056,69,Tier 2,87
1057,43,Tier 2,40
1058,58,Tier 3,115
1059,41,Tier 2,103
1060,36,Tier 2,71
1061,58,Tier 2,2
1062,54,Tier 2,71
1063,28,Tier 3,83
1064,55,Tier 1,44
1065,57,Tier 3,18
1066,40,Tier 3,68
1067,66,Tier 3,96
1068,52,Tier 2,39
1069,37,Tier 3,55
1070,21,Tier 1,1
1071,54,Tier 2,84
1072,31,Tier 1,104
1073,58,Tier 1,93
1074,46,Tier 1,52
1075,43,Tier 1,6
1076,29,Tier 1,59
1077,55,Tier 3,112
1078,29,Tier 1,10
1079,41,Tier 2,26
1080,61,Tier 1,100
1081,66,Tier 2,68
1082,69,Tier 2,21
1083,67,Tier 1,3
1084,48,Tier 2,49
1085,30,Tier 3,71
1086,62,Tier 3,100
1087,60,Tier 1,106
1088,69,Tier 2,55
1089,52,Tier 2,51
1090,27,Tier 1,111
1091,45,Tier 3,93
1092,42,Tier 1,25
1093,62,Tier 3,82
1094,40,Tier 1,86
1095,37,Tier 1,28
1096,24,Tier 3,117
1097,61,Tier 3,36
1098,58,Tier 3,66
1099,23,Tier 3,59
1100,42,Tier 1,83
1101,44,Tier 1,108
1102,43,Tier 1,47
1103,66,Tier 2,46
1104,28,Tier 1,90
1105,36,Tier 3,114
1106,29,Tier 1,109
1107,32,Tier 1,90
1108,65,Tier 1,84
1109,67,Tier 1,92
1110,23,Tier 1,112
1111,51,Tier 2,2
1112,32,Tier 1,71
1113,30,Tier 2,5
1114,35,Tier 3,69
1115,30,Tier 2,47
1116,45,Tier 2,37
1117,69,Tier 1,107
1118,49,Tier 1,85
1119,56,Tier 1,68
1120,45,Tier 3,105
1121,21,Tier 2,12
1122,25,Tier 1,77
1123,34,Tier 2,19
1124,32,Tier 3,28
1125,62,Tier 2,23
1126,62,Tier 2,65
1127,62,Tier 3,75
1128,52,Tier 2,90
1129,48,Tier 2,53
1130,52,Tier 1,112
1131,40,Tier 1,45
1132,53,Tier 3,19
1133,59,Tier 2,5
1134,58,Tier 1,16
1135,51,Tier 2,53
1136,23,Tier 1,50
1137,56,Tier 3,102
1138,38,Tier 1,15
1139,57,Tier 3,32
1140,47,Tier 2,117
1141,64,Tier 1,4
1142,37,Tier 1,51
1143,66,Tier 3,24
1144,62,Tier 1,64
1145,37,Tier 1,116
1146,44,Tier 2,28
1147,47,Tier 1,45
1148,58,Tier 1,54
1149,54,Tier 1,96
1150,62,Tier 3,118
1151,39,Tier 1,12
1152,45,Tier 1,59
1153,42,Tier 1,90
1154,65,Tier 1,2
1155,35,Tier 1,96
1156,49,Tier 1,29
1157,26,Tier 1,62
1158,62,Tier 1,117
1159,39,Tier 3,76
1160,37,Tier 1,118
1161,49,Tier 1,72
1162,45,Tier 3,26
1163,62,Tier 3,83
1164,47,Tier 2,74
1165,46,Tier 1,37
1166,26,Tier 1,10
1167,22,Tier 1,78
1168,40,Tier 1,69
1169,69,Tier 1,93
1170,65,Tier 2,15
1171,51,Tier 1,65
1172,51,Tier 2,98
1173,40,Tier 1,107
1174,29,Tier 1,112
1175,21,Tier 2,26
1176,37,Tier 3,21
1177,36,Tier 1,69
1178,30,Tier 2,56
1179,33,Tier 1,28
1180,22,Tier 1,13
1181,50,Tier 2,18
1182,66,Tier 1,41
1183,54,Tier 1,88
1184,42,Tier 2,8
1185,41,Tier 1,13
1186,36,Tier 1,32
1187,27,Tier 1,104
1188,50,Tier 3,118
1189,48,Tier 2,53
1190,21,Tier 1,6
1191,41,Tier 1,2
1192,34,Tier 2,103
1193,29,Tier 1,53
1194,55,Tier 2,10
1195,46,Tier 2,100
1196,52,Tier 1,63
1197,55,Tier 1,42
1198,69,Tier 1,54
1199,60,Tier 1,27
1200,51,Tier 1,111
1201,64,Tier 3,94
1202,44,Tier 1,24
1203,69,Tier 2,88
1204,58,Tier 2,22
1205,52,Tier 1,54
1206,65,Tier 1,90
1207,46,Tier 1,5
1208,56,Tier 2,87
1209,34,Tier 1,27
1210,68,Tier 2,84
1211,51,Tier 3,60
1212,59,Tier 2,4
1213,43,Tier 3,91
1214,63,Tier 2,31
1215,24,Tier 3,114
1216,26,Tier 3,100
1217,45,Tier 2,23
1218,56,Tier 3,72
1219,60,Tier 3,44
1220,42,Tier 2,72
1221,52,Tier 2,67
1222,48,Tier 2,36
1223,68,Tier 3,78
1224,53,Tier 1,31
1225,41,Tier 3,108
1226,68,Tier 2,113
1227,26,Tier 3,20
1228,69,Tier 1,87
1229,28,Tier 2,111
1230,35,Tier 2,16
1231,61,Tier 3,89
1232,56,Tier 3,112
1233,68,Tier 2,27
1234,57,Tier 2,70
1235,52,Tier 1,95
1236,37,Tier 3,40
1237,21,Tier 1,29
1238,27,Tier 2,48
1239,35,Tier 2,40
1240,23,Tier 1,87
1241,45,Tier 1,45
1242,59,Tier 1,45
1243,68,Tier 3,113
1244,44,Tier 2,69
1245,63,Tier 1,111
1246,69,Tier 2,85
1247,63,Tier 1,106
1248,43,Tier 3,24
1249,36,Tier 1,112
1250,68,Tier 1,113
1251,32,Tier 1,5
1252,41,Tier 2,43
1253,24,Tier 2,50
1254,59,Tier 2,50
1255,52,Tier 2,93
1256,25,Tier 1,84
1257,31,Tier 1,26
1258,48,Tier 1,73
1259,47,Tier 3,116
1260,60,Tier 1,53
1261,34,Tier 3,111
1262,66,Tier 1,78
1263,42,Tier 1,111
1264,61,Tier 1,108
1265,32,Tier 1,2
1266,22,Tier 2,96
1267,23,Tier 2,23
1268,39,Tier 1,99
1269,67,Tier 2,97
1270,23,Tier 2,31
1271,39,Tier 3,8
1272,26,Tier 3,50
1273,66,Tier 2,37
1274,54,Tier 3,66
1275,58,Tier 2,10
1276,55,Tier 2,6
1277,53,Tier 2,53
1278,58,Tier 1,92
1279,21,Tier 2,38
1280,63,Tier 3,39
1281,57,Tier 1,20
1282,57,Tier 3,34
1283,40,Tier 3,36
1284,60,Tier 1,31
1285,39,Tier 2,41
1286,23,Tier 3,34
1287,65,Tier 3,82
1288,32,Tier 1,41
1289,25,Tier 1,90
1290,51,Tier 2,72
1291,32,Tier 1,77
1292,63,Tier 1,70
1293,42,Tier 1,110
1294,21,Tier 1,31
1295,67,Tier 2,117
1296,46,Tier 2,25
1297,33,Tier 2,17
1298,54,Tier 2,99
1299,46,Tier 1,107
1300,22,Tier 1,12
1301,58,Tier 1,72
1302,40,Tier 1,62
1303,55,Tier 1,27
1304,64,Tier 1,62
1305,50,Tier 1,82
1306,53,Tier 1,69
1307,33,Tier 2,62
1308,32,Tier 2,106
1309,41,Tier 3,27
1310,62,Tier 2,75
1311,46,Tier 2,38
1312,38,Tier 1,116
1313,59,Tier 2,30
1314,62,Tier 1,104
1315,65,Tier 1,76
1316,35,Tier 1,26
1317,55,Tier 1,91
1318,49,Tier 1,29
1319,42,Tier 2,32
1320,40,Tier 3,42
1321,26,Tier 2,82
1322,34,Tier 2,47
1323,47,Tier 2,68
1324,64,Tier 1,66
1325,63,Tier 2,24
1326,30,Tier 2,28
1327,54,Tier 1,37
1328,25,Tier 1,27
1329,54,Tier 3,110
1330,37,Tier 2,46
1331,43,Tier 2,49
1332,56,Tier 2,80
1333,41,Tier 1,94
1334,60,Tier 2,82
1335,47,Tier 1,66
1336,69,Tier 1,117
1337,52,Tier 2,108
1338,35,Tier 1,25
1339,58,Tier 2,20
1340,40,Tier 1,47
1341,47,Tier 2,100
1342,27,Tier 2,115
1343,26,Tier 2,84
1344,49,Tier 2,83
1345,30,Tier 3,28
1346,69,Tier 2,71
1347,62,Tier 2,22
1348,55,Tier 2,65
1349,57,Tier 1,24
1350,50,Tier 1,9
1351,23,Tier 1,116
1352,40,Tier 1,107
1353,45,Tier 1,82
1354,65,Tier 1,75
1355,31,Tier 2,29
1356,45,Tier 1,69
1357,37,Tier 3,90
1358,27,Tier 1,65
1359,26,Tier 2,34
1360,38,Tier 1,47
1361,25,Tier 2,101
1362,24,Tier 1,31
1363,38,Tier 2,115
1364,30,Tier 1,90
1365,48,Tier 3,106
1366,21,Tier 1,61
1367,35,Tier 2,27
1368,43,Tier 1,5
1369,68,Tier 2,64
1370,52,Tier 2,48
1371,64,Tier 1,14
1372,37,Tier 1,111
1373,43,Tier 1,116
1374,41,Tier 1,45
1375,64,Tier 3,80
1376,68,Tier 1,50
1377,68,Tier 1,60
1378,57,Tier 3,75
1379,45,Tier 1,50
1380,47,Tier 1,96
1381,69,Tier 2,23
1382,34,Tier 3,80
1383,37,Tier 2,117
1384,64,Tier 2,102
1385,39,Tier 3,6
1386,32,Tier 1,14
1387,48,Tier 3,75
1388,36,Tier 3,111
1389,64,Tier 3,101
1390,65,Tier 1,108
1391,35,Tier 1,18
1392,46,Tier 2,62
1393,69,Tier 2,87
1394,57,Tier 2,75
1395,31,Tier 3,93
1396,49,Tier 2,26
1397,51,Tier 1,55
1398,53,Tier 1,54
1399,22,Tier 1,112
1400,35,Tier 1,25
1401,62,Tier 1,39
1402,32,Tier 3,3
1403,35,Tier 2,19
1404,36,Tier 2,117
1405,29,Tier 1,101
1406,28,Tier 2,31
1407,38,Tier 3,84
1408,63,Tier 3,71
1409,21,Tier 2,108
1410,34,Tier 3,36
1411,23,Tier 2,119
1412,48,Tier 2,45
1413,33,Tier 3,86
1414,59,Tier 1,48
1415,49,Tier 1,80
1416,59,Tier 1,40
1417,52,Tier 2,101
1418,42,Tier 2,76
1419,63,Tier 2,35
1420,44,Tier 1,115
1421,67,Tier 1,85
1422,69,Tier 3,52
1423,49,Tier 1,17
1424,54,Tier 3,116
1425,33,Tier 1,90
1426,60,Tier 2,80
1427,53,Tier 2,100
1428,65,Tier 3,73
1429,34,Tier 1,28
1430,59,Tier 3,29
1431,44,Tier 2,10
1432,30,Tier 2,8
1433,29,Tier 2,87
1434,48,Tier 1,102
1435,36,Tier 2,20
1436,25,Tier 1,69
1437,41,Tier 1,15
1438,52,Tier 2,50
1439,36,Tier 2,95
1440,67,Tier 1,97
1441,59,Tier 1,113
1442,46,Tier 1,37
1443,66,Tier 1,113
1444,42,Tier 2,94
1445,27,Tier 1,41
1446,22,Tier 3,40
1447,66,Tier 1,13
1448,68,Tier 1,110
1449,57,Tier 3,25
1450,26,Tier 1,32
1451,35,Tier 1,50
1452,23,Tier 3,17
1453,23,Tier 3,96
1454,33,Tier 2,84
1455,49,Tier 1,19
1456,24,Tier 2,20
1457,69,Tier 3,3
1458,43,Tier 3,113
1459,33,Tier 1,52
1460,46,Tier 1,79
1461,59,Tier 1,18
1462,36,Tier 1,28
1463,23,Tier 2,65
1464,23,Tier 1,25
1465,62,Tier 1,73
1466,26,Tier 1,110
1467,52,Tier 2,37
1468,39,Tier 1,73
1469,59,Tier 1,109
1470,23,Tier 1,107
1471,64,Tier 3,1
1472,55,Tier 1,14
1473,43,Tier 2,118
1474,31,Tier 1,111
1475,68,Tier 1,39
1476,35,Tier 1,62
1477,45,Tier 1,69
1478,40,Tier 1,80
1479,32,Tier 2,90
1480,41,Tier 2,45
1481,28,Tier 1,106
1482,21,Tier 1,8
1483,35,Tier 2,4
1484,26,Tier 1,114
1485,41,Tier 1,22
1486,63,Tier 1,119
1487,28,Tier 1,35
1488,21,Tier 2,44
1489,26,Tier 3,4
1490,45,Tier 3,113
1491,34,Tier 3,43
1492,44,Tier 1,20
1493,22,Tier 1,58
1494,37,Tier 1,19
1495,41,Tier 1,94
1496,42,Tier 1,9
1497,48,Tier 1,60
1498,59,Tier 2,47
1499,43,Tier 1,5
1500,62,Tier 1,7
1501,46,Tier 2,62
1502,33,Tier 1,47
1503,32,Tier 3,16
1504,36,Tier 1,17
1505,50,Tier 2,96
1506,32,Tier 1,87
1507,65,Tier 2,73
1508,44,Tier 1,100
1509,63,Tier 1,9
1510,54,Tier 2,82
1511,37,Tier 1,90
1512,32,Tier 1,24
1513,57,Tier 3,64
1514,37,Tier 1,92
1515,33,Tier 2,72
1516,66,Tier 2,30
1517,44,Tier 1,80
1518,23,Tier 2,91
1519,45,Tier 1,2
1520,43,Tier 2,68
1521,63,Tier 1,61
1522,55,Tier 1,44
1523,30,Tier 1,6
1524,28,Tier 3,10
1525,50,Tier 2,90
1526,23,Tier 3,99
1527,36,Tier 2,50
1528,27,Tier 2,112
1529,22,Tier 2,111
1530,66,Tier 3,80
1531,25,Tier 2,70
1532,21,Tier 1,115
1533,66,Tier 2,73
1534,30,Tier 2,112
1535,61,Tier 1,117
1536,22,Tier 1,24
1537,28,Tier 1,79
1538,26,Tier 3,88
1539,55,Tier 1,98
1540,51,Tier 3,42
1541,44,Tier 1,103
1542,32,Tier 2,59
1543,25,Tier 1,47
1544,48,Tier 3,19
1545,32,Tier 2,39
1546,49,Tier 1,116
1547,54,Tier 1,86
1548,62,Tier 1,87
1549,45,Tier 1,107
1550,21,Tier 2,32
1551,34,Tier 3,79
1552,62,Tier 2,45
1553,47,Tier 2,101
1554,51,Tier 1,51
1555,43,Tier 3,102
1556,28,Tier 3,89
1557,64,Tier 1,92
1558,58,Tier 3,111
1559,69,Tier 1,95
1560,62,Tier 3,39
1561,35,Tier 3,63
1562,33,Tier 2,57
1563,33,Tier 1,8
1564,66,Tier 2,71
1565,48,Tier 1,53
1566,43,Tier 2,47
1567,68,Tier 1,14
1568,50,Tier 2,60
1569,65,Tier 3,69
1570,69,Tier 1,13
1571,24,Tier 1,76
1572,38,Tier 2,20
1573,56,Tier 1,18
1574,60,Tier 1,48
1575,28,Tier 1,47
1576,36,Tier 1,109
1577,47,Tier 2,9
1578,60,Tier 2,42
1579,26,Tier 1,88
1580,50,Tier 2,30
1581,35,Tier 1,117
1582,31,Tier 1,89
1583,46,Tier 2,113
1584,41,Tier 1,113
1585,52,Tier 2,13
1586,36,Tier 3,55
1587,61,Tier 2,89
1588,24,Tier 2,2
1589,63,Tier 1,54
1590,22,Tier 1,82
1591,57,Tier 1,95
1592,37,Tier 2,50
1593,39,Tier 3,103
1594,21,Tier 1,81
1595,55,Tier 1,6
1596,29,Tier 1,34
1597,53,Tier 2,112
1598,56,Tier 2,1
1599,62,Tier 2,13
1600,55,Tier 3,41
1601,35,Tier 1,119
1602,57,Tier 2,84
1603,61,Tier 2,18
1604,36,Tier 1,47
1605,27,Tier 3,112
1606,64,Tier 1,27
1607,28,Tier 2,69
1608,50,Tier 2,56
1609,32,Tier 3,91
1610,27,Tier 2,90
1611,59,Tier 1,100
1612,28,Tier 3,15
1613,53,Tier 2,55
1614,54,Tier 2,83
1615,23,Tier 2,50
1616,29,Tier 1,80
1617,59,Tier 2,76
1618,45,Tier 3,45
1619,26,Tier 1,12
1620,69,Tier 2,116
1621,33,Tier 3,99
1622,21,Tier 2,107
1623,66,Tier 3,36
1624,21,Tier 1,38
1625,48,Tier 3,39
1626,69,Tier 1,4
1627,49,Tier 2,21
1628,49,Tier 2,37
1629,40,Tier 2,118
1630,27,Tier 3,25
1631,49,Tier 2,61
1632,64,Tier 2,66
1633,25,Tier 1,43
1634,64,Tier 2,110
1635,41,Tier 2,12
1636,47,Tier 1,104
1637,29,Tier 2,89
1638,51,Tier 3,37
1639,29,Tier 2,92
1640,34,Tier 2,52
1641,56,Tier 1,116
1642,23,Tier 2,5
1643,42,Tier 1,4
1644,50,Tier 1,65
1645,27,Tier 2,111
1646,35,Tier 1,8
1647,37,Tier 1,93
1648,53,Tier 2,112
1649,68,Tier 1,58
1650,61,Tier 1,104
1651,30,Tier 1,91
1652,21,Tier 2,26
1653,23,Tier 1,102
1654,50,Tier 2,84
1655,28,Tier 2,2
1656,32,Tier 1,68
1657,62,Tier 3,78
1658,63,Tier 1,96
1659,62,Tier 2,92
1660,33,Tier 1,57
1661,51,Tier 2,36
1662,50,Tier 1,23
1663,30,Tier 3,11
1664,48,Tier 1,77
1665,46,Tier 2,115
1666,40,Tier 1,10
1667,57,Tier 1,84
1668,54,Tier 1,70
1669,47,Tier 2,21
1670,56,Tier 2,26
1671,58,Tier 3,34
1672,48,Tier 2,82
1673,34,Tier 3,36
1674,58,Tier 1,99
1675,56,Tier 2,45
1676,69,Tier 2,14
1677,28,Tier 2,12
1678,41,Tier 3,48
1679,66,Tier 2,49
1680,46,Tier 3,88
1681,67,Tier 2,57
1682,21,Tier 1,20
1683,22,Tier 2,26
1684,60,Tier 2,68
1685,38,Tier 3,40
1686,46,Tier 3,80
1687,41,Tier 1,110
1688,40,Tier 1,43
1689,67,Tier 1,66
1690,25,Tier 2,100
1691,58,Tier 1,26
1692,64,Tier 2,61
1693,53,Tier 2,37
1694,40,Tier 3,75
1695,28,Tier 1,89
1696,54,Tier 2,17
1697,43,Tier 1,23
1698,28,Tier 3,3
1699,38,Tier 1,2
1700,68,Tier 1,7
1701,34,Tier 1,85
1702,29,Tier 3,108
1703,54,Tier 1,49
1704,30,Tier 2,106
1705,66,Tier 2,87
1706,63,Tier 2,97
1707,69,Tier 1,89
1708,65,Tier 1,24
1709,32,Tier 1,63
1710,31,Tier 1,63
1711,37,Tier 2,77
1712,44,Tier 1,95
1713,64,Tier 1,14
1714,56,Tier 1,81
1715,52,Tier 2,100
1716,64,Tier 1,14
1717,52,Tier 2,50
1718,39,Tier 1,107
1719,41,Tier 3,3
1720,46,Tier 2,20
1721,25,Tier 1,96
1722,57,Tier 1,21
1723,52,Tier 1,84
1724,56,Tier 1,108
1725,47,Tier 1,60
1726,59,Tier 3,58
1727,67,Tier 2,52
1728,48,Tier 1,45
1729,42,Tier 2,46
1730,26,Tier 1,66
1731,59,Tier 3,107
1732,65,Tier 1,117
1733,55,Tier 2,104
1734,63,Tier 2,15
1735,63,Tier 1,37
1736,60,Tier 1,91
1737,45,Tier 1,65
1738,25,Tier 3,40
1739,21,Tier 2,38
1740,31,Tier 2,14
1741,42,Tier 2,40
1742,57,Tier 3,51
1743,43,Tier 2,50
1744,22,Tier 2,66
1745,31,Tier 2,33
1746,68,Tier 1,25
1747,69,Tier 3,106
1748,39,Tier 1,49
1749,60,Tier 1,31
1750,56,Tier 3,76
1751,66,Tier 1,65
1752,64,Tier 1,69
1753,51,Tier 1,27
1754,40,Tier 2,87
1755,51,Tier 3,23
1756,36,Tier 1,100
1757,38,Tier 1,51
1758,50,Tier 2,49
1759,48,Tier 3,47
1760,49,Tier 1,51
1761,39,Tier 3,80
1762,41,Tier 3,60
1763,21,Tier 1,16
1764,50,Tier 3,68
1765,49,Tier 2,32
1766,66,Tier 2,13
1767,45,Tier 1,100
1768,43,Tier 3,38
1769,24,Tier 2,71
1770,30,Tier 2,21
1771,37,Tier 3,41
1772,39,Tier 2,46
1773,38,Tier 3,16
1774,40,Tier 3,116
1775,58,Tier 1,38
1776,27,Tier 1,70
1777,37,Tier 1,68
1778,28,Tier 3,52
1779,36,Tier 1,70
1780,54,Tier 2,68
1781,23,Tier 1,10
1782,37,Tier 1,80
1783,22,Tier 2,14
1784,67,Tier 1,52
1785,56,Tier 3,44
1786,32,Tier 1,54
1787,30,Tier 3,9
1788,25,Tier 1,84
1789,44,Tier 3,50
1790,57,Tier 2,8
1791,49,Tier 1,1
1792,64,Tier 1,65
1793,37,Tier 1,80
1794,34,Tier 2,66
1795,44,Tier 3,86
1796,30,Tier 1,91
1797,68,Tier 1,104
1798,30,Tier 2,117
1799,44,Tier 2,106
1800,46,Tier 2,95
1801,23,Tier 2,52
1802,43,Tier 2,60
1803,43,Tier 3,74
1804,33,Tier 1,21
1805,27,Tier 1,81
1806,23,Tier 1,71
1807,21,Tier 2,62
1808,44,Tier 1,100
1809,25,Tier 3,82
1810,68,Tier 2,111
1811,32,Tier 2,117
1812,52,Tier 2,99
1813,54,Tier 1,36
1814,45,Tier 3,23
1815,64,Tier 1,36
1816,26,Tier 2,85
1817,32,Tier 3,103
1818,33,Tier 2,105
1819,27,Tier 3,82
1820,35,Tier 1,82
1821,36,Tier 3,114
1822,58,Tier 2,82
1823,35,Tier 2,17
1824,63,Tier 1,60
1825,58,Tier 1,43
1826,65,Tier 2,76
1827,26,Tier 1,76
1828,69,Tier 2,36
1829,51,Tier 3,36
1830,69,Tier 3,11
1831,38,Tier 1,35
1832,67,Tier 3,99
1833,49,Tier 1,78
1834,24,Tier 2,113
1835,41,Tier 3,111
1836,27,Tier 1,102
1837,67,Tier 1,22
1838,35,Tier 1,40
1839,31,Tier 2,7
1840,48,Tier 3,12
1841,41,Tier 1,28
1842,25,Tier 1,34
1843,61,Tier 2,2
1844,62,Tier 1,101
1845,57,Tier 2,63
1846,51,Tier 3,79
1847,40,Tier 2,78
1848,47,Tier 3,116
1849,46,Tier 2,18
1850,29,Tier 3,41
1851,25,Tier 1,37
1852,33,Tier 1,66
1853,43,Tier 2,63
1854,28,Tier 1,95
1855,26,Tier 3,67
1856,62,Tier 2,28
1857,39,Tier 3,68
1858,49,Tier 1,115
1859,46,Tier 2,69
1860,57,Tier 2,71
1861,57,Tier 1,21
1862,35,Tier 2,1
1863,62,Tier 2,25
1864,39,Tier 3,3
1865,61,Tier 2,54
1866,40,Tier 1,105
1867,26,Tier 2,54
1868,58,Tier 2,77
1869,22,Tier 1,102
1870,58,Tier 1,91
1871,23,Tier 1,78
1872,31,Tier 1,94
1873,50,Tier 2,34
1874,67,Tier 1,51
1875,41,Tier 2,48
1876,26,Tier 1,96
1877,32,Tier 2,49
1878,64,Tier 1,112
1879,56,Tier 3,23
1880,25,Tier 1,21
1881,39,Tier 2,86
1882,33,Tier 1,91
1883,29,Tier 1,81
1884,62,Tier 2,37
1885,51,Tier 3,2
1886,29,Tier 3,39
1887,52,Tier 1,56
1888,41,Tier 1,50
1889,24,Tier 2,110
1890,43,Tier 2,103
1891,30,Tier 1,93
1892,33,Tier 2,3
1893,64,Tier 2,16
1894,55,Tier 2,52
1895,27,Tier 1,74
1896,62,Tier 1,81
1897,49,Tier 1,36
1898,63,Tier 2,14
1899,57,Tier 1,40
1900,37,Tier 2,95
1901,47,Tier 2,118
1902,47,Tier 2,113
1903,56,Tier 1,71
1904,33,Tier 1,11
1905,37,Tier 2,116
1906,32,Tier 2,19
1907,35,Tier 3,32
1908,28,Tier 1,116
1909,22,Tier 3,60
1910,67,Tier 1,24
1911,24,Tier 1,60
1912,64,Tier 1,10
1913,21,Tier 2,38
1914,59,Tier 1,114
1915,37,Tier 1,36
1916,46,Tier 2,107
1917,34,Tier 2,65
1918,45,Tier 1,79
1919,43,Tier 1,84
1920,46,Tier 2,66
1921,40,Tier 1,5
1922,47,Tier 1,110
1923,61,Tier 2,57
1924,42,Tier 1,79
1925,38,Tier 2,66
1926,27,Tier 1,79
1927,38,Tier 1,43
1928,27,Tier 1,101
1929,29,Tier 1,27
1930,67,Tier 1,78
1931,25,Tier 1,69
1932,44,Tier 3,60
1933,61,Tier 3,3
1934,67,Tier 1,47
1935,28,Tier 2,6
1936,29,Tier 2,60
1937,39,Tier 3,82
1938,48,Tier 1,63
1939,68,Tier 1,91
1940,31,Tier 1,43
1941,29,Tier 1,37
1942,33,Tier 1,54
1943,63,Tier 3,28
1944,22,Tier 3,96
1945,39,Tier 1,97
1946,26,Tier 2,50
1947,28,Tier 1,95
1948,65,Tier 2,4
1949,21,Tier 2,19
1950,36,Tier 1,34
1951,65,Tier 3,47
1952,50,Tier 3,28
1953,24,Tier 2,61
1954,43,Tier 2,95
1955,68,Tier 2,55
1956,40,Tier 1,54
1957,46,Tier 1,8
1958,47,Tier 2,34
1959,53,Tier 1,97
1960,30,Tier 3,97
1961,62,Tier 1,13
1962,69,Tier 1,3
1963,27,Tier 1,99
1964,61,Tier 3,21
1965,61,Tier 1,69
1966,57,Tier 1,99
1967,39,Tier 1,94
1968,43,Tier 2,66
1969,62,Tier 3,45
1970,28,Tier 1,93
1971,61,Tier 3,83
1972,66,Tier 1,100
1973,54,Tier 2,62
1974,37,Tier 1,113
1975,48,Tier 2,92
1976,23,Tier 2,8
1977,66,Tier 2,35
1978,37,Tier 1,96
1979,23,Tier 3,14
1980,59,Tier 3,85
1981,53,Tier 2,41
1982,51,Tier 2,25
1983,23,Tier 2,65
1984,57,Tier 1,111
1985,52,Tier 3,107
1986,59,Tier 1,49
1987,61,Tier 2,1
1988,31,Tier 1,106
1989,31,Tier 1,107
1990,66,Tier 2,73
1991,47,Tier 2,75
1992,42,Tier 3,63
1993,35,Tier 3,2
1994,52,Tier 1,19
1995,57,Tier 1,18
1996,21,Tier 1,109
1997,48,Tier 2,6
1998,69,Tier 2,67
1999,34,Tier 3,44
2000,34,Tier 2,1
2001,64,Tier 1,110
2002,24,Tier 2,3
2003,40,Tier 2,102
2004,43,Tier 2,93
2005,60,Tier 1,95
2006,27,Tier 1,20
2007,42,Tier 1,105
2008,28,Tier 1,72
2009,59,Tier 2,48
2010,51,Tier 1,82
2011,45,Tier 2,41
2012,40,Tier 2,34
2013,28,Tier 3,35
2014,66,Tier 1,68
2015,52,Tier 1,72
2016,36,Tier 1,29
2017,41,Tier 1,30
2018,56,Tier 1,113
2019,56,Tier 2,62
2020,43,Tier 1,103
2021,35,Tier 1,40
2022,53,Tier 1,35
2023,53,Tier 2,34
2024,50,Tier 3,63
2025,24,Tier 2,93
2026,44,Tier 2,60
2027,51,Tier 2,36
2028,67,Tier 2,115
2029,46,Tier 1,69
2030,37,Tier 2,47
2031,48,Tier 2,2
2032,29,Tier 1,67
2033,25,Tier 2,74
2034,54,Tier 2,111
2035,69,Tier 2,28
2036,62,Tier 1,20
2037,49,Tier 2,119
2038,22,Tier 3,66
2039,69,Tier 1,4
2040,43,Tier 1,13
2041,35,Tier 1,57
2042,64,Tier 1,74
2043,57,Tier 3,30
2044,57,Tier 2,44
2045,34,Tier 1,88
2046,69,Tier 1,116
2047,43,Tier 3,59
2048,47,Tier 1,50
2049,57,Tier 2,43
2050,53,Tier 1,17
2051,29,Tier 1,7
2052,35,Tier 2,100
2053,38,Tier 1,5
2054,67,Tier 2,98
2055,56,Tier 1,30
2056,38,Tier 2,83
2057,57,Tier 2,114
2058,57,Tier 2,90
2059,40,Tier 1,87
2060,40,Tier 2,32
2061,64,Tier 3,72
2062,48,Tier 1,77
2063,28,Tier 1,51
2064,56,Tier 3,5
2065,49,Tier 1,109
2066,45,Tier 2,24
2067,56,Tier 2,116
2068,65,Tier 1,111
2069,37,Tier 2,3
2070,41,Tier 2,88
2071,30,Tier 1,76
2072,52,Tier 3,28
2073,40,Tier 1,97
2074,37,Tier 1,14
2075,55,Tier 3,30
2076,40,Tier 1,113
2077,43,Tier 3,89
2078,42,Tier 1,14
2079,33,Tier 2,18
2080,27,Tier 1,31
2081,61,Tier 2,9
2082,25,Tier 2,22
2083,36,Tier 3,69
2084,53,Tier 3,1
2085,27,Tier 2,35
2086,53,Tier 2,38
2087,56,Tier 2,116
2088,53,Tier 3,116
2089,35,Tier 2,101
2090,21,Tier 3,41
2091,64,Tier 1,63
2092,37,Tier 2,61
2093,60,Tier 2,103
2094,30,Tier 1,89
2095,28,Tier 1,108
2096,59,Tier 3,66
2097,67,Tier 1,110
2098,63,Tier 1,89
2099,57,Tier 1,88
2100,33,Tier 1,79
2101,65,Tier 2,40
2102,53,Tier 3,73
2103,29,Tier 3,43
2104,27,Tier 2,78
2105,63,Tier 2,31
2106,34,Tier 1,96
2107,58,Tier 3,68
2108,27,Tier 1,85
2109,34,Tier 1,27
2110,34,Tier 3,95
2111,34,Tier 3,96
2112,54,Tier 1,18
2113,65,Tier 2,42
2114,65,Tier 2,81
2115,57,Tier 1,104
2116,30,Tier 1,88
2117,68,Tier 1,57
2118,47,Tier 2,36
2119,47,Tier 1,109
2120,55,Tier 2,105
2121,58,Tier 1,107
2122,67,Tier 3,37
2123,49,Tier 2,52
2124,50,Tier 3,30
2125,57,Tier 1,114
2126,33,Tier 2,104
2127,36,Tier 3,21
2128,51,Tier 1,30
2129,24,Tier 1,66
2130,36,Tier 1,50
2131,56,Tier 1,55
2132,68,Tier 1,44
2133,46,Tier 1,81
2134,40,Tier 1,107
2135,42,Tier 2,110
2136,54,Tier 1,55
2137,47,Tier 1,99
2138,22,Tier 2,83
2139,47,Tier 1,24
2140,40,Tier 1,95
2141,55,Tier 1,42
2142,63,Tier 1,75
2143,68,Tier 2,86
2144,50,Tier 1,113
2145,38,Tier 1,113
2146,42,Tier 3,96
2147,29,Tier 3,61
2148,66,Tier 1,48
2149,62,Tier 1,53
2150,62,Tier 2,114
2151,37,Tier 3,25
2152,36,Tier 3,63
2153,62,Tier 1,81
2154,47,Tier 1,3
2155,55,Tier 1,76
2156,45,Tier 3,31
2157,42,Tier 3,34
2158,51,Tier 1,74
2159,60,Tier 2,2
2160,37,Tier 1,19
2161,60,Tier 2,55
2162,32,Tier 3,70
2163,40,Tier 2,13
2164,65,Tier 1,44
2165,67,Tier 2,37
2166,66,Tier 1,64
2167,36,Tier 3,36
2168,62,Tier 1,1
2169,66,Tier 3,64
2170,68,Tier 1,101
2171,22,Tier 1,70
2172,57,Tier 1,44
2173,69,Tier 1,58
2174,58,Tier 1,17
2175,32,Tier 2,29
2176,58,Tier 1,53
2177,26,Tier 1,71
2178,44,Tier 1,58
2179,51,Tier 1,115
2180,43,Tier 3,76
2181,55,Tier 3,3
2182,32,Tier 1,63
2183,50,Tier 2,70
2184,52,Tier 2,6
2185,52,Tier 3,46
2186,35,Tier 1,104
2187,35,Tier 1,43
2188,33,Tier 2,55
2189,43,Tier 3,27
2190,49,Tier 2,10
2191,38,Tier 2,38
2192,41,Tier 1,92
2193,35,Tier 2,117
2194,31,Tier 3,79
2195,53,Tier 1,99
2196,60,Tier 2,78
2197,35,Tier 1,79
2198,63,Tier 2,51
2199,48,Tier 2,8
2200,29,Tier 2,49
2201,38,Tier 3,103
2202,21,Tier 1,64
2203,22,Tier 1,91
2204,37,Tier 1,7
2205,43,Tier 1,24
2206,60,Tier 1,36
2207,27,Tier 1,43
2208,62,Tier 1,118
2209,32,Tier 1,55
2210,27,Tier 1,79
2211,55,Tier 2,77
2212,58,Tier 1,50
2213,50,Tier 2,115
2214,26,Tier 3,27
2215,26,Tier 2,5
2216,40,Tier 1,89
2217,43,Tier 1,78
2218,69,Tier 2,31
2219,35,Tier 2,104
2220,30,Tier 1,20
2221,67,Tier 1,30
2222,28,Tier 2,19
2223,22,Tier 1,23
2224,41,Tier 2,87
2225,40,Tier 1,84
2226,51,Tier 1,77
2227,64,Tier 3,103
2228,66,Tier 1,9
2229,35,Tier 2,74
2230,69,Tier 1,14
2231,52,Tier 1,114
2232,24,Tier 3,76
2233,66,Tier 1,91
2234,27,Tier 1,68
2235,49,Tier 3,46
2236,59,Tier 2,82
2237,33,Tier 2,100
2238,34,Tier 1,22
2239,44,Tier 1,104
2240,64,Tier 2,87
2241,31,Tier 1,11
2242,53,Tier 1,112
2243,43,Tier 2,22
2244,26,Tier 1,72
2245,55,Tier 1,16
2246,61,Tier 1,24
2247,49,Tier 1,77
2248,29,Tier 2,81
2249,28,Tier 3,82
2250,41,Tier 1,41
2251,45,Tier 1,98
2252,48,Tier 2,6
2253,32,Tier 1,102
2254,45,Tier 2,36
2255,35,Tier 3,74
2256,54,Tier 2,108
2257,60,Tier 1,31
2258,52,Tier 3,49
2259,21,Tier 1,99
2260,69,Tier 3,103
2261,22,Tier 2,28
2262,69,Tier 2,61
2263,22,Tier 3,40
2264,46,Tier 2,62
2265,26,Tier 1,46
2266,25,Tier 1,1
2267,54,Tier 2,111
2268,56,Tier 2,76
2269,26,Tier 1,55
2270,68,Tier 2,13
2271,36,Tier 2,9
2272,36,Tier 1,57
2273,35,Tier 1,78
2274,43,Tier 1,31
2275,29,Tier 1,89
2276,41,Tier 1,47
2277,31,Tier 1,2
2278,23,Tier 1,64
2279,39,Tier 1,22
2280,53,Tier 2,2
2281,58,Tier 1,16
2282,38,Tier 3,34
2283,36,Tier 3,62
2284,59,Tier 2,118
2285,54,Tier 3,26
2286,61,Tier 3,7
2287,65,Tier 1,23
2288,61,Tier 2,39
2289,66,Tier 1,25
2290,41,Tier 2,39
2291,40,Tier 2,116
2292,36,Tier 1,46
2293,32,Tier 1,76
2294,57,Tier 3,82
2295,56,Tier 1,16
2296,60,Tier 1,30
2297,29,Tier 1,50
2298,45,Tier 2,55
2299,31,Tier 3,2
2300,64,Tier 2,77
2301,34,Tier 1,36
2302,28,Tier 1,39
2303,48,Tier 1,72
2304,64,Tier 2,113
2305,65,Tier 3,103
2306,25,Tier 2,117
2307,36,Tier 1,50
2308,28,Tier 2,15
2309,36,Tier 1,26
2310,47,Tier 2,41
2311,34,Tier 2,36
2312,24,Tier 2,25
2313,45,Tier 2,18
2314,23,Tier 3,23
2315,32,Tier 1,79
2316,21,Tier 1,59
2317,25,Tier 1,5
2318,42,Tier 2,68
2319,62,Tier 2,101
2320,58,Tier 2,51
2321,25,Tier 2,38
2322,22,Tier 1,33
2323,37,Tier 2,46
2324,52,Tier 2,34
2325,57,Tier 1,110
2326,61,Tier 1,119
2327,37,Tier 1,41
2328,29,Tier 1,110
2329,22,Tier 2,102
2330,28,Tier 3,10
2331,24,Tier 2,59
2332,63,Tier 1,79
2333,34,Tier 2,51
2334,61,Tier 2,55
2335,48,Tier 1,59
2336,47,Tier 3,82
2337,43,Tier 1,35
2338,61,Tier 1,72
2339,23,Tier 1,29
2340,25,Tier 1,106
2341,41,Tier 3,11
2342,40,Tier 1,8
2343,47,Tier 1,5
2344,57,Tier 1,42
2345,49,Tier 1,73
2346,33,Tier 1,118
2347,37,Tier 1,55
2348,57,Tier 2,22
2349,30,Tier 1,44
2350,45,Tier 2,16
2351,47,Tier 1,57
2352,57,Tier 2,87
2353,56,Tier 3,5
2354,43,Tier 1,93
2355,36,Tier 1,28
2356,39,Tier 3,81
2357,41,Tier 2,98
2358,31,Tier 2,93
2359,51,Tier 1,80
2360,31,Tier 1,83
2361,52,Tier 2,23
2362,57,Tier 3,17
2363,68,Tier 1,46
2364,26,Tier 2,73
2365,58,Tier 2,74
2366,25,Tier 1,93
2367,37,Tier 1,37
2368,29,Tier 1,103
2369,28,Tier 1,54
2370,29,Tier 2,30
2371,23,Tier 1,88
2372,61,Tier 1,16
2373,23,Tier 2,49
2374,40,Tier 2,93
2375,55,Tier 2,92
2376,69,Tier 2,31
2377,62,Tier 1,20
2378,27,Tier 2,4
2379,69,Tier 1,11
2380,53,Tier 1,99
2381,29,Tier 1,94
2382,42,Tier 2,61
2383,65,Tier 2,68
2384,40,Tier 1,39
2385,29,Tier 3,23
2386,63,Tier 3,2
2387,67,Tier 1,80
2388,68,Tier 2,5
2389,67,Tier 1,13
2390,63,Tier 3,95
2391,43,Tier 1,70
2392,30,Tier 1,59
2393,51,Tier 1,26
2394,31,Tier 1,18
2395,44,Tier 2,56
2396,53,Tier 2,43
2397,67,Tier 1,64
2398,35,Tier 2,20
2399,33,Tier 3,28
2400,57,Tier 2,14
2401,21,Tier 2,51
2402,48,Tier 1,33
2403,57,Tier 1,27
2404,47,Tier 3,66
2405,39,Tier 2,60
2406,61,Tier 2,25
2407,39,Tier 3,84
2408,55,Tier 1,41
2409,43,Tier 2,41
2410,22,Tier 1,57
2411,46,Tier 1,17
2412,23,Tier 2,50
2413,66,Tier 1,70
2414,50,Tier 3,16
2415,39,Tier 1,68
2416,44,Tier 3,5
2417,51,Tier 2,72
2418,33,Tier 2,5
2419,35,Tier 3,21
2420,41,Tier 1,42
2421,33,Tier 1,74
2422,58,Tier 1,86
2423,26,Tier 1,56
2424,61,Tier 3,16
2425,38,Tier 2,47
2426,48,Tier 1,94
2427,28,Tier 1,11
2428,39,Tier 2,86
2429,57,Tier 2,46
2430,34,Tier 1,1
2431,27,Tier 2,83
2432,46,Tier 2,4
2433,28,Tier 2,44
2434,36,Tier 1,24
2435,43,Tier 2,70
2436,48,Tier 1,7
2437,52,Tier 1,11
2438,54,Tier 2,64
2439,62,Tier 2,119
2440,24,Tier 1,5
2441,38,Tier 3,55
2442,21,Tier 1,96
2443,21,Tier 2,35
2444,31,Tier 3,59
2445,50,Tier 2,100
2446,64,Tier 3,87
2447,58,Tier 2,35
2448,52,Tier 2,90
2449,59,Tier 2,81
2450,29,Tier 2,61
2451,62,Tier 1,53
2452,64,Tier 2,111
2453,25,Tier 1,105
2454,44,Tier 3,118
2455,61,Tier 1,81
2456,44,Tier 1,43
2457,62,Tier 3,14
2458,66,Tier 1,15
2459,44,Tier 1,114
2460,23,Tier 2,44
2461,37,Tier 1,14
2462,31,Tier 1,27
2463,44,Tier 2,3
2464,49,Tier 1,64
2465,43,Tier 1,71
2466,30,Tier 1,46
2467,35,Tier 1,89
2468,54,Tier 1,58
2469,22,Tier 1,115
2470,31,Tier 2,91
2471,64,Tier 2,9
2472,25,Tier 1,33
2473,41,Tier 1,90
2474,31,Tier 3,64
2475,26,Tier 2,90
2476,41,Tier 1,40
2477,46,Tier 2,5
2478,29,Tier 1,94
2479,24,Tier 3,94
2480,27,Tier 3,77
2481,52,Tier 3,49
2482,63,Tier 1,2
2483,29,Tier 1,87
2484,36,Tier 1,79
2485,37,Tier 1,80
2486,38,Tier 1,21
2487,32,Tier 2,88
2488,23,Tier 1,87
2489,46,Tier 3,103
2490,38,Tier 1,68
2491,37,Tier 1,88
2492,33,Tier 3,48
2493,66,Tier 2,83
2494,50,Tier 1,83
2495,41,Tier 2,93
2496,31,Tier 1,102
2497,60,Tier 1,1
2498,64,Tier 2,93
2499,22,Tier 1,95
2500,66,Tier 2,65
2501,55,Tier 1,62
2502,25,Tier 2,87
2503,57,Tier 2,55
2504,26,Tier 1,50
2505,23,Tier 1,96
2506,26,Tier 1,94
2507,43,Tier 2,25
2508,51,Tier 2,99
2509,40,Tier 2,39
2510,26,Tier 1,17
2511,30,Tier 1,105
2512,62,Tier 2,29
2513,68,Tier 1,25
2514,57,Tier 2,33
2515,26,Tier 1,59
2516,61,Tier 1,20
2517,54,Tier 2,19
2518,46,Tier 2,47
2519,28,Tier 2,26
2520,69,Tier 1,23
2521,42,Tier 3,109
2522,23,Tier 3,71
2523,31,Tier 3,2
2524,40,Tier 2,13
2525,24,Tier 2,97
2526,36,Tier 2,33
2527,43,Tier 1,19
2528,67,Tier 1,80
2529,25,Tier 2,100
2530,49,Tier 1,48
2531,65,Tier 1,89
2532,60,Tier 3,51
2533,66,Tier 1,13
2534,29,Tier 2,95
2535,60,Tier 2,110
2536,68,Tier 1,118
2537,36,Tier 3,12
2538,45,Tier 1,68
2539,47,Tier 3,75
2540,45,Tier 2,10
2541,35,Tier 1,114
2542,68,Tier 1,13
2543,67,Tier 1,32
2544,39,Tier 1,116
2545,60,Tier 1,67
2546,40,Tier 3,81
2547,59,Tier 1,59
2548,49,Tier 3,90
2549,44,Tier 1,10
2550,27,Tier 3,81
2551,53,Tier 1,8
2552,36,Tier 1,22
2553,31,Tier 2,61
2554,30,Tier 1,54
2555,69,Tier 3,19
2556,26,Tier 1,95
2557,60,Tier 2,36
2558,63,Tier 2,104
2559,22,Tier 2,2
2560,49,Tier 1,29
2561,49,Tier 1,36
2562,38,Tier 1,71
2563,53,Tier 1,48
2564,41,Tier 1,19
2565,42,Tier 3,68
2566,42,Tier 2,115
2567,60,Tier 2,16
2568,52,Tier 1,31
2569,39,Tier 1,57
2570,66,Tier 2,87
2571,60,Tier 1,17
2572,66,Tier 1,28
2573,56,Tier 2,28
2574,40,Tier 2,74
2575,58,Tier 3,10
2576,37,Tier 1,79
2577,34,Tier 2,51
2578,43,Tier 1,40
2579,68,Tier 1,103
2580,48,Tier 2,98
2581,39,Tier 1,96
2582,43,Tier 2,106
2583,35,Tier 1,28
2584,53,Tier 1,102
2585,38,Tier 3,21
2586,48,Tier 1,40
2587,39,Tier 2,67
2588,36,Tier 1,89
2589,68,Tier 3,69
2590,37,Tier 1,67
2591,24,Tier 1,45
2592,39,Tier 2,71
2593,47,Tier 1,57
2594,25,Tier 1,57
2595,35,Tier 3,70
2596,29,Tier 2,72
2597,45,Tier 2,40
2598,56,Tier 2,17
2599,68,Tier 3,36
2600,40,Tier 3,49
2601,63,Tier 2,20
2602,31,Tier 1,22
2603,59,Tier 1,114
2604,48,Tier 2,34
2605,58,Tier 3,88
2606,58,Tier 2,16
2607,47,Tier 1,116
2608,33,Tier 1,26
2609,46,Tier 2,47
2610,61,Tier 3,94
2611,68,Tier 1,24
2612,66,Tier 2,66
2613,29,Tier 2,94
2614,50,Tier 3,3
2615,26,Tier 1,4
2616,53,Tier 3,94
2617,69,Tier 2,32
2618,23,Tier 2,109
2619,53,Tier 1,111
2620,67,Tier 2,105
2621,62,Tier 2,119
2622,40,Tier 1,98
2623,26,Tier 1,46
2624,66,Tier 2,119
2625,66,Tier 2,42
2626,49,Tier 1,70
2627,68,Tier 1,1
2628,21,Tier 1,115
2629,51,Tier 3,71
2630,22,Tier 3,113
2631,66,Tier 1,42
2632,54,Tier 1,38
2633,65,Tier 1,63
2634,48,Tier 2,103
2635,25,Tier 3,66
2636,22,Tier 2,95
2637,37,Tier 1,26
2638,57,Tier 1,93
2639,28,Tier 1,88
2640,62,Tier 3,107
2641,32,Tier 2,7
2642,45,Tier 2,46
2643,30,Tier 1,11
2644,43,Tier 3,48
2645,43,Tier 1,91
2646,21,Tier 3,77
2647,48,Tier 3,90
2648,59,Tier 2,88
2649,66,Tier 3,119
2650,37,Tier 1,105
2651,64,Tier 2,70
2652,64,Tier 1,105
2653,69,Tier 2,6
2654,39,Tier 1,86
2655,62,Tier 1,63
2656,48,Tier 1,114
2657,23,Tier 1,60
2658,34,Tier 2,22
2659,53,Tier 2,87
2660,28,Tier 1,114
2661,42,Tier 3,2
2662,58,Tier 3,8
2663,28,Tier 1,79
2664,45,Tier 1,67
2665,31,Tier 2,66
2666,47,Tier 2,11
2667,32,Tier 1,69
2668,68,Tier 2,68
2669,24,Tier 1,102
2670,68,Tier 1,47
2671,59,Tier 2,42
2672,62,Tier 2,10
2673,62,Tier 3,68
2674,30,Tier 1,78
2675,66,Tier 1,34
2676,50,Tier 1,88
2677,68,Tier 1,112
2678,64,Tier 1,21
2679,49,Tier 2,69
2680,39,Tier 2,83
2681,26,Tier 2,3
2682,25,Tier 1,22
2683,40,Tier 1,48
2684,60,Tier 2,17
2685,45,Tier 1,43
2686,44,Tier 3,18
2687,32,Tier 1,107
2688,48,Tier 2,72
2689,52,Tier 3,40
2690,69,Tier 2,93
2691,56,Tier 2,3
2692,50,Tier 2,72
2693,65,Tier 1,82
2694,41,Tier 2,97
2695,66,Tier 3,27
2696,39,Tier 3,71
2697,27,Tier 1,92
2698,41,Tier 1,95
2699,27,Tier 2,21
2700,26,Tier 2,117
2701,64,Tier 1,33
2702,59,Tier 1,47
2703,31,Tier 1,23
2704,62,Tier 2,18
2705,24,Tier 1,31
2706,34,Tier 1,17
2707,55,Tier 1,88
2708,35,Tier 3,72
2709,56,Tier 1,47
2710,63,Tier 1,66
2711,24,Tier 2,72
2712,22,Tier 1,22
2713,67,Tier 3,36
2714,46,Tier 3,105
2715,45,Tier 1,2
2716,43,Tier 1,114
2717,42,Tier 1,115
2718,54,Tier 1,31
2719,49,Tier 1,39
2720,29,Tier 1,25
2721,51,Tier 1,67
2722,53,Tier 2,26
2723,26,Tier 1,95
2724,39,Tier 1,47
2725,59,Tier 2,116
2726,51,Tier 1,102
2727,27,Tier 1,48
2728,22,Tier 1,71
2729,49,Tier 1,3
2730,43,Tier 1,9
2731,68,Tier 3,61
2732,46,Tier 3,57
2733,66,Tier 1,48
2734,31,Tier 1,11
2735,42,Tier 2,100
2736,27,Tier 2,49
2737,49,Tier 1,56
2738,30,Tier 1,49
2739,45,Tier 1,60
2740,37,Tier 2,78
2741,30,Tier 1,91
2742,25,Tier 1,66
2743,46,Tier 1,20
2744,67,Tier 1,105
2745,30,Tier 2,34
2746,40,Tier 2,2
2747,32,Tier 2,5
2748,60,Tier 1,93
2749,41,Tier 1,47
2750,68,Tier 3,3
2751,33,Tier 2,97
2752,24,Tier 1,37
2753,49,Tier 1,117
2754,52,Tier 3,105
2755,69,Tier 2,6
2756,63,Tier 3,83
2757,64,Tier 2,72
2758,52,Tier 1,21
2759,38,Tier 1,41
2760,42,Tier 1,59
2761,27,Tier 2,18
2762,42,Tier 2,86
2763,38,Tier 1,33
2764,22,Tier 3,112
2765,31,Tier 1,96
2766,47,Tier 1,76
2767,39,Tier 1,15
2768,69,Tier 3,3
2769,44,Tier 3,18
2770,67,Tier 2,60
2771,53,Tier 3,93
2772,22,Tier 3,19
2773,30,Tier 3,85
2774,55,Tier 3,6
2775,47,Tier 1,32
2776,35,Tier 2,72
2777,46,Tier 2,99
2778,65,Tier 2,93
2779,40,Tier 1,64
2780,23,Tier 2,5
2781,36,Tier 3,35
2782,66,Tier 1,94
2783,58,Tier 3,10
2784,62,Tier 1,85
2785,65,Tier 1,84
2786,26,Tier 1,90
2787,34,Tier 2,26
2788,23,Tier 2,30
2789,21,Tier 1,24
2790,61,Tier 2,47
2791,66,Tier 1,63
2792,28,Tier 1,15
2793,56,Tier 3,68
2794,47,Tier 2,29
2795,24,Tier 2,67
2796,65,Tier 2,37
2797,63,Tier 3,114
2798,48,Tier 1,39
2799,55,Tier 1,104
2800,40,Tier 1,21
2801,59,Tier 2,11
2802,42,Tier 2,23
2803,69,Tier 2,50
2804,24,Tier 1,108
2805,29,Tier 1,21
2806,68,Tier 2,94
2807,35,Tier 3,83
2808,36,Tier 1,41
2809,59,Tier 1,41
2810,30,Tier 1,113
2811,46,Tier 1,86
2812,35,Tier 1,29
2813,30,Tier 1,109
2814,68,Tier 2,49
2815,30,Tier 1,10
2816,25,Tier 1,97
2817,54,Tier 1,104
2818,63,Tier 3,53
2819,27,Tier 1,84
2820,55,Tier 1,28
2821,47,Tier 1,102
2822,61,Tier 2,44
2823,27,Tier 3,32
2824,68,Tier 1,60
2825,51,Tier 1,32
2826,62,Tier 1,74
2827,38,Tier 2,89
2828,67,Tier 3,49
2829,51,Tier 1,94
2830,27,Tier 1,52
2831,66,Tier 2,116
2832,59,Tier 2,32
2833,35,Tier 1,84
2834,47,Tier 1,64
2835,40,Tier 1,113
2836,47,Tier 2,27
2837,68,Tier 2,24
2838,65,Tier 2,104
2839,31,Tier 3,108
2840,68,Tier 1,89
2841,42,Tier 1,57
2842,55,Tier 1,49
2843,58,Tier 3,80
2844,44,Tier 2,89
2845,43,Tier 1,33
2846,43,Tier 1,1
2847,63,Tier 2,9
2848,39,Tier 2,41
2849,34,Tier 2,82
2850,38,Tier 1,53
2851,30,Tier 3,74
2852,40,Tier 2,56
2853,26,Tier 2,30
2854,25,Tier 2,90
2855,56,Tier 3,87
2856,24,Tier 3,115
2857,48,Tier 2,99
2858,59,Tier 1,46
2859,56,Tier 1,84
2860,42,Tier 3,42
2861,30,Tier 2,104
2862,66,Tier 1,73
2863,61,Tier 1,100
2864,50,Tier 3,34
2865,25,Tier 3,2
2866,22,Tier 3,17
2867,36,Tier 1,64
2868,28,Tier 2,115
2869,63,Tier 3,75
2870,31,Tier 1,97
2871,34,Tier 1,56
2872,68,Tier 3,115
2873,61,Tier 1,112
2874,31,Tier 2,26
2875,39,Tier 2,103
2876,46,Tier 2,3
2877,53,Tier 1,71
2878,66,Tier 2,53
2879,63,Tier 1,36
2880,68,Tier 3,112
2881,22,Tier 1,79
2882,32,Tier 2,17
2883,48,Tier 2,17
2884,23,Tier 1,14
2885,38,Tier 1,37
2886,28,Tier 2,9
2887,66,Tier 1,32
2888,24,Tier 1,92
2889,28,Tier 2,104
2890,30,Tier 3,94
2891,28,Tier 2,60
2892,48,Tier 1,83
2893,38,Tier 3,113
2894,65,Tier 2,7
2895,33,Tier 1,108
2896,47,Tier 1,87
2897,53,Tier 1,46
2898,51,Tier 1,54
2899,60,Tier 2,53
2900,30,Tier 1,19
2901,45,Tier 2,28
2902,60,Tier 1,36
2903,63,Tier 1,1
2904,51,Tier 1,60
2905,52,Tier 2,57
2906,63,Tier 2,40
2907,51,Tier 1,21
2908,67,Tier 1,116
2909,27,Tier 1,81
2910,38,Tier 3,57
2911,26,Tier 1,86
2912,25,Tier 2,45
2913,44,Tier 1,26
2914,32,Tier 1,81
2915,40,Tier 2,92
2916,42,Tier 2,78
2917,51,Tier 1,68
2918,67,Tier 3,1
2919,62,Tier 1,76
2920,39,Tier 1,74
2921,36,Tier 1,50
2922,58,Tier 2,30
2923,27,Tier 2,117
2924,47,Tier 1,45
2925,41,Tier 3,33
2926,29,Tier 2,85
2927,51,Tier 3,58
2928,36,Tier 3,67
2929,30,Tier 3,78
2930,53,Tier 2,44
2931,29,Tier 1,19
2932,53,Tier 1,20
2933,28,Tier 2,112
2934,42,Tier 1,61
2935,60,Tier 2,50
2936,32,Tier 1,39
2937,58,Tier 3,86
2938,56,Tier 1,109
2939,65,Tier 3,92
2940,29,Tier 1,64
2941,56,Tier 1,57
2942,66,Tier 3,104
2943,58,Tier 3,102
2944,30,Tier 2,47
2945,61,Tier 3,115
2946,26,Tier 1,99
2947,49,Tier 3,101
2948,45,Tier 1,7
2949,47,Tier 2,16
2950,46,Tier 1,36
2951,22,Tier 1,91
2952,45,Tier 2,10
2953,66,Tier 2,10
2954,42,Tier 1,4
2955,34,Tier 3,23
2956,69,Tier 2,110
2957,25,Tier 1,86
2958,44,Tier 2,86
2959,46,Tier 1,35
2960,44,Tier 1,75
2961,66,Tier 2,93
2962,41,Tier 1,64
2963,68,Tier 1,102
2964,24,Tier 2,68
2965,56,Tier 1,39
2966,50,Tier 3,77
2967,32,Tier 2,113
2968,32,Tier 1,99
2969,56,Tier 2,60
2970,52,Tier 1,72
2971,50,Tier 2,117
2972,23,Tier 1,90
2973,50,Tier 3,60
2974,69,Tier 1,34
2975,21,Tier 2,108
2976,43,Tier 1,117
2977,45,Tier 1,9
2978,64,Tier 2,4
2979,34,Tier 2,14
2980,44,Tier 3,47
2981,56,Tier 1,20
2982,23,Tier 1,105
2983,60,Tier 1,109
2984,61,Tier 1,22
2985,56,Tier 3,99
2986,52,Tier 3,17
2987,57,Tier 3,94
2988,59,Tier 1,44
2989,65,Tier 1,5
2990,41,Tier 2,51
2991,43,Tier 1,98
2992,52,Tier 2,112
2993,30,Tier 1,15
2994,62,Tier 1,100
2995,58,Tier 3,35
2996,51,Tier 1,56
2997,35,Tier 3,13
2998,38,Tier 1,116
2999,42,Tier 1,95
3000,53,Tier 1,77
3001,59,Tier 1,87
3002,53,Tier 2,104
3003,66,Tier 1,18
3004,68,Tier 2,30
3005,55,Tier 3,5
3006,39,Tier 1,59
3007,50,Tier 1,59
3008,41,Tier 1,4
3009,51,Tier 2,79
3010,60,Tier 2,2
3011,39,Tier 1,95
3012,45,Tier 2,84
3013,23,Tier 2,97
3014,57,Tier 1,15
3015,45,Tier 1,104
3016,43,Tier 3,66
3017,47,Tier 1,103
3018,31,Tier 1,83
3019,50,Tier 1,79
3020,57,Tier 2,4
3021,38,Tier 1,83
3022,27,Tier 1,54
3023,39,Tier 1,102
3024,30,Tier 2,82
3025,39,Tier 1,9
3026,51,Tier 3,106
3027,26,Tier 1,8
3028,57,Tier 1,36
3029,32,Tier 3,26
3030,64,Tier 3,116
3031,56,Tier 1,19
3032,34,Tier 3,101
3033,48,Tier 2,27
3034,26,Tier 1,78
3035,25,Tier 3,11
3036,67,Tier 2,47
3037,60,Tier 1,75
3038,28,Tier 2,85
3039,34,Tier 1,104
3040,30,Tier 1,98
3041,40,Tier 3,62
3042,35,Tier 2,37
3043,37,Tier 2,32
3044,46,Tier 2,119
3045,30,Tier 2,73
3046,64,Tier 1,109
3047,56,Tier 3,52
3048,58,Tier 2,58
3049,29,Tier 2,99
3050,55,Tier 2,87
3051,61,Tier 1,24
3052,29,Tier 1,63
3053,57,Tier 1,26
3054,38,Tier 1,91
3055,59,Tier 2,4
3056,44,Tier 3,99
3057,60,Tier 1,111
3058,28,Tier 1,3
3059,40,Tier 2,76
3060,34,Tier 1,10
3061,33,Tier 3,43
3062,36,Tier 1,41
3063,39,Tier 1,62
3064,27,Tier 1,110
3065,55,Tier 3,55
3066,47,Tier 1,48
3067,61,Tier 2,12
3068,55,Tier 1,106
3069,28,Tier 1,38
3070,24,Tier 3,56
3071,41,Tier 1,11
3072,44,Tier 1,35
3073,32,Tier 2,66
3074,59,Tier 3,108
3075,49,Tier 1,40
3076,57,Tier 1,67
3077,26,Tier 3,105
3078,60,Tier 2,43
3079,31,Tier 3,36
3080,42,Tier 2,6
3081,42,Tier 2,109
3082,61,Tier 1,14
3083,34,Tier 1,26
3084,32,Tier 2,17
3085,37,Tier 2,85
3086,38,Tier 3,44
3087,29,Tier 2,84
3088,29,Tier 1,73
3089,32,Tier 2,2
3090,43,Tier 2,37
3091,37,Tier 1,1
3092,40,Tier 2,8
3093,56,Tier 2,57
3094,32,Tier 1,32
3095,65,Tier 2,11
3096,57,Tier 2,49
3097,29,Tier 3,54
3098,36,Tier 1,119
3099,29,Tier 2,79
3100,34,Tier 2,47
3101,38,Tier 2,57
3102,27,Tier 1,11
3103,21,Tier 3,47
3104,42,Tier 3,70
3105,55,Tier 2,3
3106,35,Tier 2,110
3107,63,Tier 1,62
3108,39,Tier 2,94
3109,65,Tier 1,33
3110,32,Tier 2,100
3111,47,Tier 1,44
3112,58,Tier 2,111
3113,23,Tier 1,63
3114,66,Tier 2,76
3115,38,Tier 2,25
3116,45,Tier 1,119
3117,51,Tier 1,23
3118,52,Tier 3,4
3119,22,Tier 2,53
3120,63,Tier 1,100
3121,51,Tier 1,110
3122,69,Tier 1,102
3123,44,Tier 2,66
3124,51,Tier 2,110
3125,42,Tier 1,59
3126,64,Tier 2,57
3127,61,Tier 2,22
3128,65,Tier 2,94
3129,45,Tier 1,38
3130,59,Tier 1,24
3131,38,Tier 1,44
3132,43,Tier 1,72
3133,58,Tier 1,33
3134,24,Tier 1,43
3135,55,Tier 1,40
3136,21,Tier 2,71
3137,49,Tier 1,85
3138,44,Tier 2,81
3139,43,Tier 1,17
3140,45,Tier 2,42
3141,45,Tier 1,78
3142,40,Tier 2,26
3143,43,Tier 2,9
3144,48,Tier 1,39
3145,58,Tier 2,81
3146,48,Tier 1,80
3147,52,Tier 2,16
3148,61,Tier 1,81
3149,69,Tier 1,24
3150,26,Tier 1,89
3151,55,Tier 3,68
3152,32,Tier 1,16
3153,30,Tier 2,42
3154,59,Tier 1,98
3155,24,Tier 1,52
3156,62,Tier 1,82
3157,58,Tier 3,90
3158,69,Tier 2,4
3159,53,Tier 1,111
3160,63,Tier 2,40
3161,26,Tier 1,95
3162,64,Tier 1,56
3163,28,Tier 2,69
3164,36,Tier 1,43
3165,27,Tier 1,102
3166,40,Tier 2,14
3167,57,Tier 1,107
3168,34,Tier 3,25
3169,61,Tier 2,106
3170,50,Tier 3,3
3171,51,Tier 2,2
3172,67,Tier 3,12
3173,42,Tier 1,66
3174,37,Tier 2,32
3175,69,Tier 2,72
3176,48,Tier 3,98
3177,51,Tier 1,4
3178,35,Tier 2,63
3179,31,Tier 2,88
3180,29,Tier 1,51
3181,31,Tier 3,111
3182,30,Tier 1,79
3183,57,Tier 1,5
3184,23,Tier 2,65
3185,51,Tier 1,46
3186,67,Tier 1,16
3187,58,Tier 1,114
3188,40,Tier 1,27
3189,23,Tier 2,10
3190,61,Tier 3,27
3191,21,Tier 2,98
3192,54,Tier 1,72
3193,53,Tier 2,98
3194,30,Tier 3,55
3195,57,Tier 2,14
3196,29,Tier 1,47
3197,32,Tier 1,24
3198,60,Tier 3,67
3199,68,Tier 3,33
3200,33,Tier 1,116
3201,66,Tier 3,45
3202,65,Tier 1,38
3203,58,Tier 1,118
3204,27,Tier 2,62
3205,35,Tier 2,21
3206,54,Tier 1,58
3207,69,Tier 3,31
3208,60,Tier 3,86
3209,41,Tier 1,69
3210,32,Tier 2,87
3211,68,Tier 2,112
3212,34,Tier 2,87
3213,37,Tier 3,41
3214,68,Tier 2,24
3215,48,Tier 1,63
3216,33,Tier 1,54
3217,21,Tier 3,38
3218,42,Tier 3,97
3219,69,Tier 1,109
3220,42,Tier 1,46
3221,55,Tier 2,82
3222,33,Tier 1,118
3223,59,Tier 1,2
3224,59,Tier 3,44
3225,50,Tier 3,88
3226,58,Tier 3,60
3227,49,Tier 2,95
3228,39,Tier 1,57
3229,57,Tier 3,8
3230,61,Tier 1,52
3231,62,Tier 1,49
3232,31,Tier 3,101
3233,54,Tier 2,18
3234,21,Tier 3,19
3235,49,Tier 1,17
3236,48,Tier 3,68
3237,38,Tier 2,119
3238,69,Tier 2,74
3239,64,Tier 3,98
3240,22,Tier 1,102
3241,31,Tier 2,72
3242,31,Tier 2,73
3243,64,Tier 2,29
3244,46,Tier 3,115
3245,56,Tier 2,94
3246,60,Tier 1,104
3247,58,Tier 1,118
3248,25,Tier 3,42
3249,27,Tier 3,18
3250,40,Tier 3,103
3251,37,Tier 1,57
3252,57,Tier 1,115
3253,28,Tier 2,83
3254,39,Tier 2,31
3255,32,Tier 1,43
3256,30,Tier 2,73
3257,29,Tier 1,47
3258,30,Tier 2,34
3259,48,Tier 1,25
3260,41,Tier 1,78
3261,42,Tier 1,5
3262,44,Tier 3,12
3263,57,Tier 2,6
3264,63,Tier 3,88
3265,46,Tier 2,4
3266,52,Tier 1,50
3267,57,Tier 1,15
3268,54,Tier 2,70
3269,27,Tier 1,5
3270,69,Tier 2,4
3271,29,Tier 3,49
3272,41,Tier 3,83
3273,52,Tier 1,14
3274,40,Tier 2,60
3275,32,Tier 1,97
3276,66,Tier 1,75
3277,24,Tier 2,90
3278,33,Tier 2,38
3279,69,Tier 2,113
3280,56,Tier 1,18
3281,25,Tier 3,73
3282,57,Tier 3,52
3283,68,Tier 2,4
3284,25,Tier 3,113
3285,41,Tier 1,84
3286,43,Tier 2,28
3287,27,Tier 3,7
3288,30,Tier 3,81
3289,29,Tier 3,65
3290,30,Tier 2,6
3291,40,Tier 3,118
3292,43,Tier 2,86
3293,32,Tier 1,56
3294,35,Tier 1,29
3295,30,Tier 2,33
3296,60,Tier 2,54
3297,31,Tier 2,7
3298,65,Tier 3,44
3299,47,Tier 2,26
3300,60,Tier 1,14
3301,52,Tier 1,15
3302,34,Tier 2,42
3303,50,Tier 2,46
3304,34,Tier 2,42
3305,26,Tier 2,83
3306,33,Tier 2,63
3307,34,Tier 2,23
3308,27,Tier 3,116
3309,22,Tier 1,87
3310,67,Tier 2,56
3311,46,Tier 2,6
3312,40,Tier 1,109
3313,66,Tier 2,89
3314,32,Tier 2,55
3315,40,Tier 2,20
3316,62,Tier 2,13
3317,51,Tier 1,35
3318,40,Tier 1,28
3319,33,Tier 1,25
3320,22,Tier 1,49
3321,25,Tier 2,6
3322,28,Tier 3,39
3323,59,Tier 2,104
3324,52,Tier 1,104
3325,42,Tier 1,2
3326,59,Tier 1,81
3327,28,Tier 2,118
3328,31,Tier 1,69
3329,40,Tier 2,47
3330,65,Tier 2,59
3331,51,Tier 2,26
3332,62,Tier 1,48
3333,33,Tier 1,112
3334,62,Tier 2,73
3335,24,Tier 2,52
3336,32,Tier 1,15
3337,46,Tier 3,108
3338,23,Tier 2,20
3339,63,Tier 2,86
3340,63,Tier 1,37
3341,47,Tier 1,34
3342,35,Tier 1,21
3343,25,Tier 1,45
3344,51,Tier 2,81
3345,47,Tier 2,50
3346,58,Tier 3,3
3347,50,Tier 3,32
3348,27,Tier 1,20
3349,26,Tier 1,48
3350,59,Tier 2,108
3351,28,Tier 3,115
3352,66,Tier 3,119
3353,26,Tier 1,14
3354,56,Tier 1,59
3355,68,Tier 1,6
3356,42,Tier 3,59
3357,23,Tier 2,69
3358,63,Tier 2,93
3359,30,Tier 2,41
3360,46,Tier 1,5
3361,69,Tier 2,55
3362,57,Tier 1,51
3363,23,Tier 2,75
3364,61,Tier 2,12
3365,28,Tier 2,73
3366,57,Tier 1,48
3367,51,Tier 3,88
3368,35,Tier 2,118
3369,41,Tier 1,28
3370,26,Tier 1,90
3371,69,Tier 2,16
3372,32,Tier 1,118
3373,36,Tier 1,58
3374,45,Tier 1,89
3375,53,Tier 1,93
3376,45,Tier 2,73
3377,45,Tier 2,46
3378,49,Tier 1,90
3379,63,Tier 2,57
3380,40,Tier 1,79
3381,61,Tier 1,73
3382,59,Tier 1,56
3383,68,Tier 2,14
3384,65,Tier 3,35
3385,60,Tier 2,112
3386,33,Tier 1,62
3387,58,Tier 1,76
3388,57,Tier 1,31
3389,35,Tier 3,84
3390,54,Tier 1,58
3391,33,Tier 3,27
3392,46,Tier 2,18
3393,60,Tier 2,48
3394,30,Tier 3,68
3395,37,Tier 1,34
3396,59,Tier 2,30
3397,43,Tier 1,33
3398,68,Tier 3,35
3399,21,Tier 2,88
3400,56,Tier 1,60
3401,60,Tier 3,56
3402,65,Tier 1,20
3403,28,Tier 1,65
3404,69,Tier 2,115
3405,40,Tier 2,89
3406,38,Tier 3,54
3407,38,Tier 2,37
3408,52,Tier 2,42
3409,53,Tier 1,4
3410,44,Tier 1,4
3411,24,Tier 3,93
3412,69,Tier 1,101
3413,31,Tier 2,116
3414,25,Tier 1,75
3415,50,Tier 1,111
3416,41,Tier 2,50
3417,51,Tier 2,31
3418,63,Tier 2,30
3419,25,Tier 3,29
3420,34,Tier 1,89
3421,46,Tier 2,2
3422,59,Tier 1,113
3423,50,Tier 2,93
3424,39,Tier 1,46
3425,50,Tier 2,84
3426,69,Tier 1,17
3427,44,Tier 3,52
3428,64,Tier 3,13
3429,59,Tier 3,14
3430,35,Tier 1,1
3431,33,Tier 3,95
3432,58,Tier 1,89
3433,31,Tier 1,107
3434,37,Tier 1,117
3435,32,Tier 1,115
3436,50,Tier 2,119
3437,35,Tier 1,2
3438,53,Tier 1,94
3439,66,Tier 2,87
3440,61,Tier 3,20
3441,67,Tier 2,17
3442,22,Tier 2,117
3443,43,Tier 1,106
3444,31,Tier 3,40
3445,65,Tier 1,9
3446,55,Tier 1,40
3447,36,Tier 1,1
3448,48,Tier 2,82
3449,50,Tier 1,46
3450,45,Tier 2,6
3451,44,Tier 1,117
3452,23,Tier 2,99
3453,43,Tier 2,108
3454,38,Tier 1,119
3455,61,Tier 1,2
3456,63,Tier 2,93
3457,57,Tier 2,94
3458,22,Tier 1,94
3459,62,Tier 2,32
3460,40,Tier 1,47
3461,41,Tier 1,111
3462,67,Tier 1,8
3463,63,Tier 2,77
3464,23,Tier 1,95
3465,38,Tier 2,95
3466,57,Tier 1,72
3467,47,Tier 2,92
3468,33,Tier 1,109
3469,46,Tier 2,92
3470,63,Tier 2,14
3471,31,Tier 1,30
3472,57,Tier 1,37
3473,57,Tier 2,41
3474,64,Tier 3,43
3475,35,Tier 3,27
3476,31,Tier 1,82
3477,47,Tier 2,14
3478,47,Tier 1,94
3479,41,Tier 1,79
3480,59,Tier 2,115
3481,60,Tier 2,1
3482,33,Tier 2,36
3483,59,Tier 3,107
3484,32,Tier 1,59
3485,40,Tier 2,67
3486,22,Tier 1,4
3487,37,Tier 1,91
3488,67,Tier 1,31
3489,42,Tier 3,115
3490,55,Tier 2,45
3491,26,Tier 1,23
3492,52,Tier 2,71
3493,39,Tier 3,57
3494,57,Tier 3,57
3495,66,Tier 2,114
3496,47,Tier 1,44
3497,26,Tier 2,48
3498,44,Tier 3,75
3499,27,Tier 3,21
3500,43,Tier 3,99
3501,23,Tier 2,28
3502,52,Tier 1,29
3503,36,Tier 2,2
3504,30,Tier 1,41
3505,21,Tier 1,70
3506,64,Tier 2,84
3507,62,Tier 2,107
3508,60,Tier 3,93
3509,23,Tier 2,39
3510,38,Tier 3,99
3511,68,Tier 2,24
3512,49,Tier 2,25
3513,27,Tier 1,43
3514,27,Tier 2,65
3515,33,Tier 1,25
3516,68,Tier 1,108
3517,29,Tier 1,33
3518,65,Tier 3,47
3519,54,Tier 2,72
3520,66,Tier 3,52
3521,61,Tier 3,49
3522,37,Tier 3,118
3523,61,Tier 1,52
3524,29,Tier 3,14
3525,35,Tier 3,87
3526,31,Tier 3,84
3527,27,Tier 1,27
3528,25,Tier 1,102
3529,30,Tier 3,47
3530,26,Tier 1,18
3531,39,Tier 1,21
3532,24,Tier 2,86
3533,24,Tier 1,26
3534,69,Tier 1,56
3535,25,Tier 3,88
3536,24,Tier 3,102
3537,22,Tier 3,59
3538,27,Tier 1,108
3539,46,Tier 1,37
3540,61,Tier 1,104
3541,57,Tier 2,30
3542,49,Tier 1,8
3543,25,Tier 2,87
3544,58,Tier 3,91
3545,22,Tier 2,111
3546,51,Tier 1,110
3547,41,Tier 1,13
3548,64,Tier 1,74
3549,36,Tier 1,84
3550,52,Tier 2,72
3551,42,Tier 1,3
3552,46,Tier 2,6
3553,67,Tier 3,80
3554,55,Tier 1,102
3555,41,Tier 1,22
3556,42,Tier 1,6
3557,55,Tier 1,49
3558,37,Tier 2,38
3559,29,Tier 3,117
3560,43,Tier 3,111
3561,24,Tier 2,67
3562,29,Tier 1,114
3563,41,Tier 1,28
3564,60,Tier 1,119
3565,59,Tier 1,54
3566,33,Tier 3,57
3567,41,Tier 2,7
3568,28,Tier 1,22
3569,58,Tier 1,24
3570,33,Tier 1,59
3571,60,Tier 3,23
3572,62,Tier 1,13
3573,54,Tier 1,73
3574,37,Tier 1,104
3575,67,Tier 3,9
3576,54,Tier 2,67
3577,52,Tier 2,115
3578,62,Tier 1,49
3579,64,Tier 1,22
3580,24,Tier 3,10
3581,64,Tier 1,112
3582,58,Tier 1,49
3583,31,Tier 2,13
3584,36,Tier 1,104
3585,57,Tier 1,96
3586,31,Tier 3,84
3587,43,Tier 2,11
3588,54,Tier 1,10
3589,52,Tier 1,27
3590,65,Tier 2,20
3591,26,Tier 1,64
3592,35,Tier 1,47
3593,69,Tier 2,92
3594,48,Tier 2,13
3595,33,Tier 3,87
3596,35,Tier 1,112
3597,37,Tier 1,16
3598,48,Tier 2,78
3599,34,Tier 2,61
3600,51,Tier 1,12
3601,42,Tier 2,35
3602,50,Tier 1,94
3603,28,Tier 3,104
3604,51,Tier 3,44
3605,66,Tier 1,13
3606,27,Tier 3,30
3607,37,Tier 3,101
3608,54,Tier 1,68
3609,51,Tier 1,52
3610,54,Tier 2,2
3611,48,Tier 1,94
3612,54,Tier 1,56
3613,50,Tier 1,65
3614,24,Tier 3,101
3615,57,Tier 1,67
3616,42,Tier 2,111
3617,23,Tier 1,67
3618,41,Tier 1,41
3619,42,Tier 3,110
3620,25,Tier 1,77
3621,69,Tier 1,91
3622,31,Tier 1,27
3623,37,Tier 2,80
3624,42,Tier 1,67
3625,61,Tier 1,13
3626,57,Tier 1,31
3627,58,Tier 1,109
3628,32,Tier 1,68
3629,62,Tier 2,93
3630,61,Tier 1,21
3631,43,Tier 1,26
3632,47,Tier 2,113
3633,22,Tier 2,51
3634,58,Tier 1,106
3635,68,Tier 1,97
3636,44,Tier 1,41
3637,47,Tier 3,113
3638,45,Tier 1,93
3639,25,Tier 1,16
3640,51,Tier 1,12
3641,56,Tier 1,16
3642,66,Tier 1,89
3643,66,Tier 1,18
3644,45,Tier 2,34
3645,67,Tier 2,52
3646,46,Tier 2,17
3647,52,Tier 2,40
3648,50,Tier 1,81
3649,69,Tier 3,116
3650,57,Tier 2,56
3651,26,Tier 3,89
3652,24,Tier 2,64
3653,41,Tier 1,56
3654,46,Tier 1,62
3655,53,Tier 1,115
3656,44,Tier 1,8
3657,46,Tier 2,62
3658,66,Tier 1,7
3659,37,Tier 1,105
3660,45,Tier 3,72
3661,48,Tier 2,6
3662,43,Tier 2,75
3663,68,Tier 1,52
3664,68,Tier 2,6
3665,46,Tier 3,117
3666,43,Tier 2,46
3667,49,Tier 2,3
3668,29,Tier 2,73
3669,41,Tier 1,45
3670,31,Tier 2,79
3671,28,Tier 3,20
3672,25,Tier 1,99
3673,49,Tier 1,50
3674,21,Tier 1,51
3675,52,Tier 1,96
3676,42,Tier 3,66
3677,38,Tier 2,1
3678,58,Tier 1,69
3679,47,Tier 1,77
3680,56,Tier 1,38
3681,55,Tier 1,22
3682,22,Tier 2,7
3683,31,Tier 3,101
3684,48,Tier 2,1
3685,68,Tier 1,70
3686,28,Tier 2,100
3687,26,Tier 2,42
3688,67,Tier 1,24
3689,68,Tier 2,86
3690,29,Tier 2,76
3691,40,Tier 3,2
3692,51,Tier 1,69
3693,30,Tier 1,1
3694,36,Tier 2,48
3695,40,Tier 1,37
3696,52,Tier 1,100
3697,36,Tier 2,117
3698,41,Tier 1,84
3699,35,Tier 2,88
3700,58,Tier 3,3
3701,28,Tier 2,8
3702,32,Tier 2,93
3703,33,Tier 2,51
3704,65,Tier 1,61
3705,67,Tier 1,83
3706,45,Tier 2,42
3707,28,Tier 1,82
3708,58,Tier 1,87
3709,45,Tier 1,29
3710,62,Tier 3,82
3711,38,Tier 1,21
3712,69,Tier 2,37
3713,60,Tier 1,93
3714,31,Tier 2,117
3715,56,Tier 1,8
3716,35,Tier 1,78
3717,38,Tier 2,68
3718,33,Tier 2,73
3719,54,Tier 1,94
3720,33,Tier 1,9
3721,52,Tier 1,88
3722,49,Tier 1,34
3723,57,Tier 2,19
3724,69,Tier 1,54
3725,21,Tier 2,4
3726,69,Tier 1,76
3727,26,Tier 2,68
3728,46,Tier 1,62
3729,37,Tier 2,4
3730,52,Tier 1,91
3731,56,Tier 3,5
3732,63,Tier 2,32
3733,40,Tier 3,48
3734,66,Tier 1,84
3735,36,Tier 1,49
3736,30,Tier 1,98
3737,39,Tier 1,112
3738,46,Tier 2,92
3739,53,Tier 3,5
3740,61,Tier 2,92
3741,32,Tier 2,25
3742,35,Tier 1,106
3743,66,Tier 1,117
3744,42,Tier 2,11
3745,32,Tier 1,12
3746,69,Tier 1,83
3747,42,Tier 3,18
3748,69,Tier 3,116
3749,66,Tier 2,65
3750,65,Tier 1,69
3751,49,Tier 3,103
3752,60,Tier 1,26
3753,68,Tier 1,67
3754,34,Tier 1,119
3755,22,Tier 3,3
3756,36,Tier 3,21
3757,52,Tier 2,18
3758,47,Tier 1,40
3759,24,Tier 2,16
3760,48,Tier 1,21
3761,29,Tier 3,102
3762,45,Tier 1,56
3763,49,Tier 1,43
3764,52,Tier 2,50
3765,41,Tier 2,116
3766,41,Tier 3,59
3767,54,Tier 1,56
3768,57,Tier 3,111
3769,60,Tier 1,5
3770,37,Tier 1,57
3771,41,Tier 2,90
3772,37,Tier 1,62
3773,46,Tier 2,104
3774,27,Tier 1,106
3775,42,Tier 1,41
3776,30,Tier 2,98
3777,47,Tier 1,30
3778,62,Tier 2,29
3779,69,Tier 2,117
3780,42,Tier 1,2
3781,23,Tier 2,43
3782,32,Tier 1,75
3783,26,Tier 1,50
3784,58,Tier 1,101
3785,69,Tier 3,30
3786,48,Tier 2,66
3787,29,Tier 2,15
3788,22,Tier 3,26
3789,68,Tier 1,21
3790,36,Tier 3,89
3791,26,Tier 2,25
3792,29,Tier 3,80
3793,33,Tier 3,42
3794,53,Tier 3,68
3795,64,Tier 1,104
3796,34,Tier 2,103
3797,54,Tier 3,2
3798,24,Tier 2,94
3799,21,Tier 1,114
3800,23,Tier 3,80
3801,66,Tier 1,23
3802,49,Tier 2,80
3803,60,Tier 2,76
3804,22,Tier 1,79
3805,22,Tier 2,52
3806,62,Tier 1,63
3807,26,Tier 2,78
3808,28,Tier 3,56
3809,46,Tier 1,93
3810,50,Tier 2,85
3811,32,Tier 1,37
3812,42,Tier 3,73
3813,54,Tier 3,91
3814,42,Tier 1,59
3815,39,Tier 2,86
3816,24,Tier 2,16
3817,43,Tier 2,46
3818,60,Tier 2,84
3819,51,Tier 2,107
3820,64,Tier 2,77
3821,27,Tier 1,79
3822,21,Tier 1,41
3823,47,Tier 3,84
3824,29,Tier 1,43
3825,50,Tier 2,7
3826,65,Tier 1,30
3827,37,Tier 3,73
3828,47,Tier 2,115
3829,54,Tier 1,59
3830,28,Tier 1,103
3831,64,Tier 1,93
3832,30,Tier 3,67
3833,60,Tier 2,96
3834,53,Tier 2,48
3835,27,Tier 2,53
3836,56,Tier 1,88
3837,30,Tier 1,77
3838,50,Tier 1,63
3839,68,Tier 1,52
3840,67,Tier 2,117
3841,63,Tier 3,8
3842,45,Tier 3,7
3843,48,Tier 3,58
3844,35,Tier 2,5
3845,66,Tier 1,41
3846,44,Tier 2,68
3847,58,Tier 3,49
3848,38,Tier 2,25
3849,57,Tier 2,34
3850,31,Tier 2,72
3851,56,Tier 2,114
3852,23,Tier 3,93
3853,26,Tier 2,66
3854,38,Tier 1,17
3855,44,Tier 1,29
3856,55,Tier 2,53
3857,38,Tier 1,30
3858,21,Tier 3,82
3859,36,Tier 2,44
3860,42,Tier 2,100
3861,47,Tier 1,33
3862,52,Tier 2,60
3863,33,Tier 2,86
3864,50,Tier 1,25
3865,51,Tier 3,91
3866,59,Tier 1,70
3867,46,Tier 1,78
3868,60,Tier 1,55
3869,31,Tier 2,112
3870,55,Tier 2,92
3871,23,Tier 3,23
3872,26,Tier 1,67
3873,63,Tier 3,108
3874,44,Tier 2,34
3875,51,Tier 1,64
3876,50,Tier 1,90
3877,55,Tier 1,33
3878,33,Tier 3,62
3879,29,Tier 1,66
3880,23,Tier 2,22
3881,63,Tier 2,22
3882,31,Tier 3,68
3883,49,Tier 2,22
3884,43,Tier 2,113
3885,28,Tier 1,63
3886,41,Tier 3,84
3887,25,Tier 1,48
3888,29,Tier 1,36
3889,27,Tier 3,58
3890,61,Tier 1,85
3891,48,Tier 1,48
3892,66,Tier 2,34
3893,42,Tier 1,18
3894,30,Tier 1,65
3895,50,Tier 2,81
3896,66,Tier 2,63
3897,47,Tier 2,31
3898,21,Tier 1,30
3899,35,Tier 2,45
3900,66,Tier 3,42
3901,46,Tier 1,25
3902,67,Tier 1,113
3903,45,Tier 1,40
3904,21,Tier 2,30
3905,63,Tier 1,73
3906,58,Tier 2,96
3907,56,Tier 3,56
3908,68,Tier 1,80
3909,30,Tier 2,12
3910,65,Tier 1,64
3911,32,Tier 1,8
3912,68,Tier 2,17
3913,30,Tier 1,71
3914,47,Tier 3,25
3915,59,Tier 2,5
3916,24,Tier 1,22
3917,24,Tier 1,92
3918,62,Tier 1,70
3919,23,Tier 3,46
3920,51,Tier 2,116
3921,66,Tier 1,46
3922,51,Tier 2,105
3923,44,Tier 2,42
3924,41,Tier 2,4
3925,52,Tier 1,14
3926,49,Tier 1,33
3927,45,Tier 1,23
3928,28,Tier 1,19
3929,53,Tier 2,46
3930,57,Tier 1,117
3931,55,Tier 1,24
3932,24,Tier 1,29
3933,55,Tier 1,119
3934,56,Tier 3,24
3935,29,Tier 2,99
3936,62,Tier 1,74
3937,46,Tier 2,111
3938,44,Tier 1,67
3939,56,Tier 3,71
3940,45,Tier 2,27
3941,47,Tier 2,69
3942,36,Tier 3,80
3943,66,Tier 3,118
3944,68,Tier 3,12
3945,27,Tier 1,19
3946,56,Tier 1,3
3947,22,Tier 2,95
3948,39,Tier 2,10
3949,68,Tier 2,109
3950,29,Tier 2,44
3951,39,Tier 1,35
3952,31,Tier 1,117
3953,56,Tier 2,86
3954,43,Tier 1,66
3955,50,Tier 2,106
3956,67,Tier 2,90
3957,46,Tier 2,76
3958,56,Tier 2,39
3959,25,Tier 2,118
3960,31,Tier 2,86
3961,67,Tier 1,113
3962,63,Tier 2,115
3963,53,Tier 2,66
3964,39,Tier 1,43
3965,30,Tier 2,113
3966,62,Tier 3,119
3967,59,Tier 1,15
3968,32,Tier 2,76
3969,49,Tier 3,72
3970,51,Tier 3,90
3971,44,Tier 1,117
3972,66,Tier 2,31
3973,27,Tier 3,117
3974,33,Tier 2,77
3975,25,Tier 1,10
3976,54,Tier 1,61
3977,52,Tier 2,16
3978,69,Tier 1,114
3979,47,Tier 1,91
3980,28,Tier 1,108
3981,43,Tier 2,72
3982,25,Tier 2,48
3983,53,Tier 3,51
3984,54,Tier 2,113
3985,63,Tier 3,19
3986,37,Tier 3,106
3987,36,Tier 1,51
3988,24,Tier 2,71
3989,41,Tier 1,80
3990,44,Tier 3,10
3991,57,Tier 1,18
3992,57,Tier 2,20
3993,27,Tier 3,93
3994,34,Tier 1,10
3995,46,Tier 3,73
3996,37,Tier 1,13
3997,22,Tier 1,92
3998,62,Tier 2,117
3999,56,Tier 1,50
4000,46,Tier 2,26
4001,36,Tier 3,53
4002,62,Tier 1,83
4003,22,Tier 2,87
4004,42,Tier 3,76
4005,60,Tier 2,70
4006,67,Tier 1,76
4007,33,Tier 3,26
4008,52,Tier 1,25
4009,30,Tier 2,111
4010,26,Tier 2,69
4011,38,Tier 2,103
4012,64,Tier 1,75
4013,54,Tier 1,55
4014,44,Tier 2,68
4015,34,Tier 1,83
4016,27,Tier 2,23
4017,34,Tier 2,55
4018,28,Tier 2,87
4019,30,Tier 1,11
4020,54,Tier 1,9
4021,27,Tier 3,20
4022,23,Tier 1,71
4023,47,Tier 1,29
4024,35,Tier 1,52
4025,43,Tier 1,16
4026,27,Tier 3,30
4027,31,Tier 1,3
4028,42,Tier 1,97
4029,54,Tier 2,56
4030,41,Tier 1,21
4031,47,Tier 1,63
4032,46,Tier 3,112
4033,34,Tier 2,99
4034,34,Tier 1,106
4035,41,Tier 1,49
4036,22,Tier 1,43
4037,54,Tier 1,38
4038,51,Tier 2,37
4039,36,Tier 2,110
4040,39,Tier 2,17
4041,37,Tier 3,102
4042,52,Tier 1,110
4043,58,Tier 3,101
4044,26,Tier 2,75
4045,41,Tier 1,102
4046,21,Tier 3,4
4047,43,Tier 1,98
4048,33,Tier 2,61
4049,37,Tier 2,115
4050,43,Tier 1,11
4051,36,Tier 3,111
4052,40,Tier 1,69
4053,58,Tier 3,13
4054,60,Tier 1,61
4055,21,Tier 1,5
4056,39,Tier 1,10
4057,62,Tier 3,64
4058,46,Tier 1,98
4059,31,Tier 3,13
4060,50,Tier 1,32
4061,28,Tier 2,47
4062,22,Tier 1,65
4063,51,Tier 1,1
4064,46,Tier 3,77
4065,58,Tier 1,60
4066,37,Tier 2,115
4067,62,Tier 2,36
4068,41,Tier 2,59
4069,57,Tier 2,10
4070,25,Tier 3,110
4071,25,Tier 2,100
4072,59,Tier 2,43
4073,61,Tier 2,55
4074,67,Tier 2,103
4075,36,Tier 1,36
4076,22,Tier 2,29
4077,69,Tier 1,29
4078,50,Tier 2,85
4079,33,Tier 3,26
4080,58,Tier 3,11
4081,65,Tier 3,20
4082,34,Tier 2,118
4083,58,Tier 2,104
4084,59,Tier 1,114
4085,45,Tier 2,33
4086,51,Tier 1,53
4087,34,Tier 1,59
4088,66,Tier 3,63
4089,69,Tier 3,4
4090,69,Tier 2,72
4091,57,Tier 1,5
4092,23,Tier 2,33
4093,38,Tier 1,35
4094,42,Tier 3,81
4095,68,Tier 3,107
4096,47,Tier 1,84
4097,47,Tier 1,52
4098,28,Tier 1,63
4099,59,Tier 1,61
4100,37,Tier 1,18
4101,25,Tier 1,114
4102,69,Tier 1,110
4103,30,Tier 1,29
4104,21,Tier 1,14
4105,24,Tier 2,20
4106,43,Tier 1,75
4107,26,Tier 3,4
4108,62,Tier 1,13
4109,46,Tier 1,78
4110,36,Tier 1,18
4111,21,Tier 2,9
4112,44,Tier 1,3
4113,28,Tier 2,84
4114,68,Tier 1,44
4115,35,Tier 3,34
4116,44,Tier 1,77
4117,21,Tier 1,21
4118,27,Tier 3,63
4119,31,Tier 1,58
4120,23,Tier 1,81
4121,56,Tier 3,75
4122,67,Tier 1,81
4123,69,Tier 1,26
4124,34,Tier 1,17
4125,59,Tier 1,64
4126,45,Tier 3,7
4127,23,Tier 2,55
4128,25,Tier 2,75
4129,47,Tier 1,98
4130,41,Tier 2,78
4131,21,Tier 2,119
4132,66,Tier 1,67
4133,56,Tier 3,54
4134,45,Tier 2,30
4135,69,Tier 2,81
4136,68,Tier 1,97
4137,68,Tier 1,39
4138,33,Tier 2,10
4139,64,Tier 2,2
4140,45,Tier 1,76
4141,56,Tier 1,79
4142,63,Tier 3,15
4143,29,Tier 1,3
4144,42,Tier 1,78
4145,27,Tier 2,48
4146,34,Tier 1,50
4147,41,Tier 1,32
4148,62,Tier 1,86
4149,63,Tier 3,89
4150,40,Tier 1,7
4151,37,Tier 2,11
4152,47,Tier 3,67
4153,65,Tier 2,72
4154,68,Tier 2,18
4155,32,Tier 2,19
4156,30,Tier 1,82
4157,55,Tier 2,55
4158,35,Tier 3,15
4159,30,Tier 2,73
4160,22,Tier 1,9
4161,40,Tier 1,28
4162,40,Tier 3,85
4163,48,Tier 1,27
4164,30,Tier 3,8
4165,56,Tier 1,115
4166,54,Tier 2,27
4167,43,Tier 3,62
4168,29,Tier 2,99
4169,45,Tier 1,118
4170,54,Tier 3,97
4171,39,Tier 1,41
4172,33,Tier 1,102
4173,45,Tier 2,2
4174,38,Tier 1,39
4175,40,Tier 2,24
4176,38,Tier 1,63
4177,35,Tier 1,107
4178,56,Tier 3,93
4179,43,Tier 1,119
4180,43,Tier 2,17
4181,53,Tier 2,90
4182,38,Tier 3,87
4183,25,Tier 2,55
4184,62,Tier 3,12
4185,23,Tier 1,13
4186,49,Tier 1,109
4187,34,Tier 3,36
4188,31,Tier 3,76
4189,23,Tier 2,113
4190,65,Tier 2,59
4191,42,Tier 2,25
4192,37,Tier 1,58
4193,57,Tier 3,28
4194,22,Tier 3,22
4195,48,Tier 2,97
4196,45,Tier 1,42
4197,48,Tier 1,82
4198,27,Tier 1,87
4199,67,Tier 2,66
4200,32,Tier 2,65
4201,54,Tier 1,22
4202,57,Tier 2,63
4203,37,Tier 3,90
4204,27,Tier 1,24
4205,35,Tier 2,28
4206,60,Tier 2,83
4207,65,Tier 1,117
4208,66,Tier 2,47
4209,32,Tier 2,99
4210,50,Tier 1,22
4211,28,Tier 1,68
4212,55,Tier 3,113
4213,41,Tier 1,53
4214,55,Tier 2,61
4215,54,Tier 2,19
4216,69,Tier 3,63
4217,44,Tier 2,70
4218,37,Tier 3,117
4219,46,Tier 2,24
4220,28,Tier 1,44
4221,26,Tier 1,78
4222,46,Tier 1,113
4223,61,Tier 1,29
4224,47,Tier 1,83
4225,59,Tier 1,105
4226,29,Tier 1,76
4227,43,Tier 1,51
4228,51,Tier 1,28
4229,38,Tier 2,35
4230,21,Tier 2,7
4231,24,Tier 3,19
4232,66,Tier 2,53
4233,50,Tier 3,17
4234,33,Tier 2,2
4235,33,Tier 1,83
4236,22,Tier 3,9
4237,67,Tier 1,17
4238,26,Tier 2,71
4239,58,Tier 2,110
4240,32,Tier 1,87
4241,37,Tier 2,4
4242,34,Tier 1,20
4243,61,Tier 1,89
4244,22,Tier 1,88
4245,38,Tier 1,47
4246,34,Tier 1,114
4247,34,Tier 2,106
4248,30,Tier 2,89
4249,65,Tier 2,90
4250,39,Tier 2,94
4251,41,Tier 1,18
4252,39,Tier 1,84
4253,69,Tier 2,112
4254,37,Tier 3,27
4255,37,Tier 1,2
4256,37,Tier 1,43
4257,37,Tier 2,33
4258,25,Tier 3,113
4259,50,Tier 1,54
4260,22,Tier 1,79
4261,32,Tier 1,117
4262,30,Tier 2,94
4263,35,Tier 3,90
4264,58,Tier 2,116
4265,50,Tier 1,82
4266,69,Tier 2,28
4267,38,Tier 3,87
4268,66,Tier 2,39
4269,23,Tier 3,40
4270,45,Tier 1,77
4271,60,Tier 1,38
4272,47,Tier 2,3
4273,66,Tier 2,119
4274,36,Tier 3,68
4275,22,Tier 2,80
4276,58,Tier 1,97
4277,24,Tier 1,76
4278,58,Tier 2,73
4279,56,Tier 1,95
4280,62,Tier 2,36
4281,44,Tier 1,99
4282,64,Tier 1,87
4283,29,Tier 2,22
4284,42,Tier 1,18
4285,26,Tier 2,105
4286,58,Tier 2,107
4287,55,Tier 2,119
4288,60,Tier 2,13
4289,58,Tier 2,107
4290,36,Tier 3,103
4291,24,Tier 1,92
4292,66,Tier 1,60
4293,45,Tier 2,61
4294,25,Tier 2,52
4295,66,Tier 2,4
4296,69,Tier 2,60
4297,42,Tier 2,29
4298,58,Tier 1,24
4299,22,Tier 2,7
4300,25,Tier 1,55
4301,34,Tier 1,6
4302,53,Tier 2,102
4303,27,Tier 2,106
4304,22,Tier 1,96
4305,53,Tier 3,36
4306,58,Tier 2,20
4307,57,Tier 2,61
4308,60,Tier 3,81
4309,60,Tier 1,3
4310,50,Tier 2,102
4311,46,Tier 1,53
4312,62,Tier 1,98
4313,38,Tier 1,10
4314,25,Tier 1,51
4315,57,Tier 2,55
4316,34,Tier 1,6
4317,68,Tier 2,85
4318,41,Tier 1,111
4319,62,Tier 1,65
4320,23,Tier 3,48
4321,53,Tier 2,76
4322,42,Tier 3,43
4323,43,Tier 2,43
4324,33,Tier 1,91
4325,68,Tier 2,71
4326,40,Tier 2,32
4327,62,Tier 1,49
4328,41,Tier 3,100
4329,23,Tier 2,63
4330,64,Tier 2,10
4331,30,Tier 2,102
4332,34,Tier 2,89
4333,63,Tier 1,32
4334,64,Tier 3,115
4335,65,Tier 1,114
4336,41,Tier 1,119
4337,58,Tier 1,45
4338,37,Tier 2,110
4339,57,Tier 3,96
4340,45,Tier 3,104
4341,23,Tier 2,66
4342,41,Tier 3,34
4343,43,Tier 2,27
4344,33,Tier 1,116
4345,39,Tier 2,60
4346,45,Tier 1,111
4347,23,Tier 1,67
4348,28,Tier 1,64
4349,58,Tier 1,9
4350,38,Tier 3,48
4351,50,Tier 3,67
4352,48,Tier 1,14
4353,48,Tier 2,20
4354,41,Tier 1,71
4355,44,Tier 1,30
4356,61,Tier 1,84
4357,68,Tier 1,55
4358,33,Tier 1,49
4359,53,Tier 1,14
4360,68,Tier 1,49
4361,21,Tier 1,65
4362,59,Tier 3,69
4363,45,Tier 1,33
4364,68,Tier 1,4
4365,49,Tier 2,112
4366,62,Tier 1,114
4367,29,Tier 2,108
4368,27,Tier 1,35
4369,66,Tier 2,72
4370,46,Tier 2,17
4371,48,Tier 2,108
4372,29,Tier 2,1
4373,32,Tier 1,57
4374,61,Tier 1,102
4375,35,Tier 1,87
4376,49,Tier 2,103
4377,36,Tier 1,60
4378,33,Tier 1,12
4379,29,Tier 2,1
4380,66,Tier 1,19
4381,67,Tier 1,7
4382,26,Tier 2,54
4383,38,Tier 1,7
4384,48,Tier 3,23
4385,39,Tier 3,50
4386,56,Tier 3,88
4387,33,Tier 1,81
4388,23,Tier 1,7
4389,37,Tier 2,108
4390,50,Tier 2,66
4391,29,Tier 2,42
4392,60,Tier 1,46
4393,21,Tier 1,101
4394,24,Tier 1,56
4395,45,Tier 1,30
4396,46,Tier 1,51
4397,35,Tier 3,9
4398,33,Tier 1,19
4399,24,Tier 2,38
4400,53,Tier 3,27
4401,39,Tier 1,42
4402,26,Tier 2,8
4403,40,Tier 2,73
4404,66,Tier 1,14
4405,33,Tier 2,26
4406,64,Tier 3,117
4407,33,Tier 2,1
4408,30,Tier 3,34
4409,33,Tier 3,60
4410,36,Tier 1,37
4411,26,Tier 2,39
4412,49,Tier 2,16
4413,37,Tier 2,51
4414,56,Tier 2,90
4415,45,Tier 2,70
4416,42,Tier 3,110
4417,44,Tier 1,84
4418,28,Tier 2,94
4419,55,Tier 1,52
4420,26,Tier 2,73
4421,56,Tier 2,69
4422,69,Tier 2,97
4423,58,Tier 1,60
4424,43,Tier 2,49
4425,36,Tier 1,9
4426,63,Tier 1,103
4427,33,Tier 1,52
4428,44,Tier 3,96
4429,58,Tier 1,81
4430,66,Tier 3,1
4431,66,Tier 1,78
4432,25,Tier 2,59
4433,65,Tier 2,29
4434,26,Tier 2,32
4435,49,Tier 2,76
4436,66,Tier 2,11
4437,53,Tier 3,73
4438,67,Tier 2,101
4439,37,Tier 1,11
4440,36,Tier 1,1
4441,36,Tier 2,8
4442,38,Tier 2,87
4443,54,Tier 2,101
4444,43,Tier 2,118
4445,57,Tier 1,4
4446,41,Tier 2,58
4447,36,Tier 2,6
4448,30,Tier 2,45
4449,48,Tier 2,37
4450,65,Tier 3,73
4451,63,Tier 2,109
4452,33,Tier 3,96
4453,44,Tier 1,8
4454,55,Tier 2,29
4455,51,Tier 2,33
4456,24,Tier 2,30
4457,49,Tier 1,43
4458,22,Tier 2,73
4459,26,Tier 1,89
4460,53,Tier 3,112
4461,26,Tier 1,84
4462,37,Tier 1,36
4463,49,Tier 2,22
4464,53,Tier 1,45
4465,42,Tier 1,96
4466,25,Tier 2,119
4467,60,Tier 2,47
4468,67,Tier 1,21
4469,64,Tier 2,1
4470,57,Tier 2,10
4471,40,Tier 2,76
4472,63,Tier 1,71
4473,44,Tier 1,77
4474,27,Tier 3,3
4475,62,Tier 2,52
4476,36,Tier 1,22
4477,66,Tier 3,41
4478,39,Tier 1,75
4479,63,Tier 2,33
4480,47,Tier 2,79
4481,43,Tier 3,35
4482,35,Tier 3,61
4483,61,Tier 1,55
4484,23,Tier 2,46
4485,43,Tier 1,15
4486,39,Tier 2,69
4487,47,Tier 2,118
4488,33,Tier 1,77
4489,53,Tier 1,89
4490,39,Tier 1,96
4491,30,Tier 1,5
4492,30,Tier 1,95
4493,55,Tier 3,29
4494,33,Tier 2,80
4495,36,Tier 2,118
4496,51,Tier 3,107
4497,37,Tier 2,50
4498,40,Tier 1,100
4499,32,Tier 3,74
4500,37,Tier 2,16
4501,54,Tier 2,29
4502,47,Tier 3,114
4503,69,Tier 2,109
4504,58,Tier 2,107
4505,21,Tier 3,46
4506,39,Tier 2,39
4507,35,Tier 3,96
4508,49,Tier 1,3
4509,34,Tier 1,107
4510,68,Tier 2,72
4511,35,Tier 1,76
4512,46,Tier 3,53
4513,27,Tier 1,117
4514,65,Tier 2,90
4515,65,Tier 1,7
4516,59,Tier 3,63
4517,38,Tier 1,103
4518,23,Tier 1,10
4519,55,Tier 1,88
4520,42,Tier 2,30
4521,69,Tier 3,61
4522,55,Tier 3,106
4523,47,Tier 1,59
4524,69,Tier 2,5
4525,60,Tier 1,3
4526,43,Tier 2,88
4527,21,Tier 2,111
4528,25,Tier 1,35
4529,42,Tier 2,112
4530,48,Tier 3,54
4531,22,Tier 1,7
4532,27,Tier 1,64
4533,55,Tier 1,116
4534,57,Tier 1,30
4535,22,Tier 1,115
4536,45,Tier 2,78
4537,24,Tier 1,48
4538,56,Tier 2,83
4539,61,Tier 3,48
4540,63,Tier 3,11
4541,50,Tier 2,104
4542,51,Tier 1,45
4543,66,Tier 1,68
4544,51,Tier 1,89
4545,42,Tier 3,10
4546,57,Tier 3,86
4547,49,Tier 1,44
4548,62,Tier 1,65
4549,46,Tier 2,55
4550,63,Tier 1,93
4551,23,Tier 3,23
4552,22,Tier 1,13
4553,25,Tier 1,49
4554,48,Tier 1,15
4555,55,Tier 1,29
4556,31,Tier 1,79
4557,28,Tier 3,98
4558,63,Tier 1,83
4559,57,Tier 2,38
4560,52,Tier 1,97
4561,44,Tier 1,49
4562,41,Tier 1,22
4563,22,Tier 1,90
4564,30,Tier 1,62
4565,64,Tier 1,45
4566,37,Tier 3,79
4567,55,Tier 2,87
4568,55,Tier 3,27
4569,36,Tier 1,14
4570,31,Tier 2,62
4571,54,Tier 2,7
4572,25,Tier 1,76
4573,45,Tier 1,53
4574,64,Tier 2,26
4575,55,Tier 2,72
4576,58,Tier 2,45
4577,25,Tier 1,47
4578,30,Tier 3,26
4579,34,Tier 1,81
4580,35,Tier 3,108
4581,30,Tier 3,74
4582,68,Tier 3,29
4583,29,Tier 2,100
4584,55,Tier 1,15
4585,49,Tier 2,35
4586,50,Tier 2,5
4587,31,Tier 2,101
4588,36,Tier 1,6
4589,50,Tier 1,66
4590,35,Tier 1,23
4591,55,Tier 2,26
4592,22,Tier 2,73
4593,24,Tier 3,96
4594,56,Tier 2,3
4595,51,Tier 2,19
4596,23,Tier 1,35
4597,65,Tier 2,113
4598,21,Tier 1,7
4599,67,Tier 1,22
4600,56,Tier 1,49
4601,69,Tier 1,39
4602,67,Tier 1,6
4603,36,Tier 2,65
4604,58,Tier 1,73
4605,31,Tier 1,22
4606,44,Tier 1,82
4607,32,Tier 2,7
4608,44,Tier 2,88
4609,63,Tier 1,31
4610,42,Tier 1,27
4611,25,Tier 3,24
4612,36,Tier 2,104
4613,59,Tier 2,60
4614,46,Tier 2,83
4615,48,Tier 3,25
4616,42,Tier 3,7
4617,35,Tier 1,5
4618,50,Tier 2,53
4619,52,Tier 1,39
4620,65,Tier 2,92
4621,51,Tier 1,94
4622,69,Tier 1,37
4623,61,Tier 3,52
4624,24,Tier 3,46
4625,40,Tier 1,81
4626,39,Tier 3,75
4627,21,Tier 1,78
4628,29,Tier 2,7
4629,58,Tier 3,41
4630,38,Tier 1,116
4631,28,Tier 2,41
4632,35,Tier 2,21
4633,34,Tier 1,24
4634,29,Tier 1,4
4635,25,Tier 1,93
4636,58,Tier 2,1
4637,61,Tier 1,71
4638,45,Tier 1,48
4639,51,Tier 2,12
4640,66,Tier 1,106
4641,62,Tier 1,89
4642,22,Tier 2,98
4643,67,Tier 2,112
4644,24,Tier 1,109
4645,22,Tier 3,84
4646,40,Tier 2,64
4647,57,Tier 1,83
4648,24,Tier 2,54
4649,35,Tier 2,22
4650,33,Tier 2,46
4651,40,Tier 2,56
4652,69,Tier 2,6
4653,37,Tier 3,101
4654,31,Tier 2,109
4655,26,Tier 3,50
4656,30,Tier 2,60
4657,27,Tier 3,101
4658,49,Tier 3,55
4659,41,Tier 1,82
4660,45,Tier 1,62
4661,61,Tier 2,33
4662,49,Tier 1,95
4663,28,Tier 2,23
4664,39,Tier 2,27
4665,36,Tier 3,83
4666,61,Tier 1,85
4667,36,Tier 2,114
4668,27,Tier 1,85
4669,57,Tier 2,3
4670,41,Tier 1,102
4671,25,Tier 2,50
4672,54,Tier 2,2
4673,31,Tier 2,69
4674,63,Tier 2,21
4675,61,Tier 1,50
4676,39,Tier 1,57
4677,48,Tier 1,9
4678,48,Tier 3,102
4679,53,Tier 3,61
4680,24,Tier 1,115
4681,36,Tier 1,56
4682,29,Tier 1,71
4683,55,Tier 2,97
4684,24,Tier 1,26
4685,46,Tier 1,109
4686,56,Tier 1,22
4687,67,Tier 1,119
4688,35,Tier 1,77
4689,21,Tier 1,62
4690,56,Tier 2,25
4691,21,Tier 2,68
4692,24,Tier 1,66
4693,69,Tier 2,118
4694,63,Tier 2,100
4695,55,Tier 2,58
4696,61,Tier 3,47
4697,24,Tier 1,47
4698,25,Tier 3,46
4699,35,Tier 2,2
4700,22,Tier 2,5
4701,64,Tier 1,90
4702,23,Tier 1,31
4703,47,Tier 1,49
4704,62,Tier 3,84
4705,57,Tier 2,73
4706,32,Tier 1,43
4707,44,Tier 2,90
4708,47,Tier 1,19
4709,58,Tier 1,57
4710,41,Tier 2,13
4711,34,Tier 2,64
4712,59,Tier 2,12
4713,64,Tier 2,113
4714,44,Tier 2,79
4715,22,Tier 3,30
4716,45,Tier 1,73
4717,64,Tier 2,42
4718,69,Tier 2,62
4719,40,Tier 1,20
4720,28,Tier 1,60
4721,49,Tier 1,13
4722,61,Tier 1,19
4723,67,Tier 2,70
4724,23,Tier 1,60
4725,35,Tier 2,35
4726,44,Tier 1,8
4727,25,Tier 1,51
4728,64,Tier 1,111
4729,26,Tier 1,85
4730,53,Tier 3,7
4731,66,Tier 1,112
4732,54,Tier 1,51
4733,58,Tier 1,69
4734,33,Tier 1,1
4735,61,Tier 2,37
4736,41,Tier 2,94
4737,24,Tier 1,40
4738,38,Tier 2,20
4739,38,Tier 2,11
4740,46,Tier 3,111
4741,33,Tier 2,97
4742,43,Tier 1,6
4743,41,Tier 2,111
4744,37,Tier 3,98
4745,55,Tier 2,43
4746,35,Tier 3,79
4747,58,Tier 3,31
4748,33,Tier 1,30
4749,63,Tier 2,86
4750,38,Tier 2,25
4751,22,Tier 2,43
4752,28,Tier 2,43
4753,60,Tier 3,18
4754,63,Tier 2,99
4755,31,Tier 2,81
4756,50,Tier 1,103
4757,49,Tier 1,63
4758,27,Tier 3,21
4759,43,Tier 2,34
4760,54,Tier 1,43
4761,68,Tier 3,113
4762,62,Tier 3,29
4763,25,Tier 2,83
4764,32,Tier 1,15
4765,42,Tier 2,114
4766,28,Tier 1,77
4767,48,Tier 1,52
4768,21,Tier 2,42
4769,26,Tier 3,43
4770,23,Tier 1,27
4771,35,Tier 3,72
4772,58,Tier 3,104
4773,29,Tier 1,29
4774,69,Tier 1,90
4775,34,Tier 2,68
4776,23,Tier 2,93
4777,37,Tier 1,92
4778,57,Tier 2,5
4779,26,Tier 2,3
4780,24,Tier 2,109
4781,62,Tier 2,19
4782,50,Tier 1,69
4783,37,Tier 1,90
4784,58,Tier 1,60
4785,62,Tier 3,1
4786,38,Tier 3,2
4787,48,Tier 2,80
4788,21,Tier 1,107
4789,36,Tier 2,41
4790,50,Tier 1,65
4791,30,Tier 1,112
4792,69,Tier 1,99
4793,68,Tier 3,65
4794,33,Tier 1,79
4795,40,Tier 2,115
4796,30,Tier 3,95
4797,45,Tier 2,50
4798,27,Tier 1,83
4799,40,Tier 3,40
4800,48,Tier 2,110
4801,50,Tier 2,12
4802,50,Tier 2,27
4803,31,Tier 3,42
4804,59,Tier 2,25
4805,54,Tier 2,71
4806,57,Tier 2,85
4807,43,Tier 1,106
4808,64,Tier 2,60
4809,40,Tier 1,74
4810,60,Tier 1,72
4811,30,Tier 1,1
4812,33,Tier 1,85
4813,46,Tier 1,3
4814,48,Tier 2,66
4815,57,Tier 1,119
4816,35,Tier 1,94
4817,63,Tier 3,61
4818,37,Tier 3,38
4819,47,Tier 2,100
4820,66,Tier 1,103
4821,47,Tier 1,44
4822,54,Tier 1,13
4823,65,Tier 1,70
4824,68,Tier 3,76
4825,45,Tier 2,112
4826,41,Tier 1,106
4827,30,Tier 3,28
4828,47,Tier 1,31
4829,65,Tier 1,119
4830,44,Tier 1,39
4831,38,Tier 1,55
4832,26,Tier 3,37
4833,40,Tier 1,47
4834,32,Tier 2,68
4835,68,Tier 1,35
4836,46,Tier 3,50
4837,27,Tier 2,42
4838,24,Tier 2,13
4839,62,Tier 1,94
4840,66,Tier 3,107
4841,58,Tier 2,59
4842,27,Tier 1,25
4843,25,Tier 3,77
4844,30,Tier 1,64
4845,57,Tier 1,66
4846,58,Tier 2,71
4847,62,Tier 1,86
4848,25,Tier 2,5
4849,28,Tier 1,12
4850,65,Tier 1,12
4851,66,Tier 1,19
4852,56,Tier 1,116
4853,26,Tier 3,87
4854,24,Tier 2,80
4855,23,Tier 2,84
4856,54,Tier 1,4
4857,62,Tier 2,26
4858,51,Tier 1,95
4859,33,Tier 1,56
4860,58,Tier 2,61
4861,23,Tier 2,90
4862,61,Tier 2,9
4863,64,Tier 3,96
4864,56,Tier 3,82
4865,64,Tier 1,49
4866,49,Tier 1,60
4867,43,Tier 1,9
4868,36,Tier 2,25
4869,66,Tier 3,30
4870,55,Tier 3,105
4871,30,Tier 1,14
4872,67,Tier 3,35
4873,23,Tier 2,16
4874,49,Tier 3,34
4875,30,Tier 2,2
4876,53,Tier 1,33
4877,41,Tier 1,87
4878,42,Tier 3,92
4879,53,Tier 1,46
4880,58,Tier 1,85
4881,39,Tier 1,74
4882,69,Tier 1,108
4883,45,Tier 3,96
4884,28,Tier 1,28
4885,21,Tier 1,71
4886,30,Tier 2,94
4887,54,Tier 2,37
4888,47,Tier 1,69
4889,37,Tier 1,48
4890,44,Tier 1,37
4891,62,Tier 1,24
4892,49,Tier 1,5
4893,23,Tier 1,90
4894,23,Tier 2,98
4895,44,Tier 3,78
4896,40,Tier 3,29
4897,62,Tier 1,3
4898,49,Tier 1,76
4899,58,Tier 3,24
4900,49,Tier 2,66
4901,37,Tier 2,116
4902,53,Tier 1,1
4903,51,Tier 1,69
4904,56,Tier 2,119
4905,30,Tier 2,40
4906,52,Tier 1,97
4907,34,Tier 3,99
4908,59,Tier 2,58
4909,60,Tier 2,37
4910,51,Tier 1,81
4911,67,Tier 2,74
4912,47,Tier 2,57
4913,22,Tier 1,23
4914,50,Tier 2,89
4915,59,Tier 2,26
4916,25,Tier 3,16
4917,26,Tier 1,8
4918,34,Tier 3,54
4919,62,Tier 2,15
4920,46,Tier 1,40
4921,68,Tier 1,29
4922,63,Tier 1,55
4923,48,Tier 1,93
4924,54,Tier 2,54
4925,37,Tier 2,67
4926,25,Tier 1,18
4927,40,Tier 3,14
4928,50,Tier 1,117
4929,29,Tier 2,74
4930,31,Tier 3,2
4931,21,Tier 3,68
4932,56,Tier 2,2
4933,65,Tier 2,10
4934,61,Tier 1,45
4935,39,Tier 1,79
4936,50,Tier 1,74
4937,68,Tier 1,95
4938,49,Tier 1,22
4939,35,Tier 1,23
4940,37,Tier 3,64
4941,56,Tier 3,104
4942,42,Tier 3,87
4943,62,Tier 2,80
4944,63,Tier 1,12
4945,22,Tier 1,105
4946,56,Tier 2,118
4947,39,Tier 2,70
4948,46,Tier 1,41
4949,33,Tier 2,79
4950,39,Tier 2,77
4951,37,Tier 1,111
4952,23,Tier 1,14
4953,59,Tier 1,62
4954,28,Tier 2,85
4955,39,Tier 3,42
4956,30,Tier 2,101
4957,28,Tier 2,8
4958,39,Tier 3,13
4959,66,Tier 1,95
4960,67,Tier 2,15
4961,39,Tier 2,50
4962,45,Tier 2,34
4963,69,Tier 1,82
4964,32,Tier 3,2
4965,67,Tier 3,43
4966,26,Tier 1,118
4967,32,Tier 1,44
4968,37,Tier 1,72
4969,22,Tier 2,118
4970,60,Tier 2,73
4971,62,Tier 1,90
4972,39,Tier 3,115
4973,61,Tier 1,74
4974,58,Tier 2,100
4975,60,Tier 1,61
4976,60,Tier 2,97
4977,49,Tier 2,77
4978,26,Tier 1,41
4979,66,Tier 1,67
4980,50,Tier 3,40
4981,65,Tier 2,48
4982,67,Tier 3,35
4983,30,Tier 2,59
4984,40,Tier 2,42
4985,30,Tier 1,75
4986,23,Tier 2,44
4987,68,Tier 1,59
4988,66,Tier 1,17
4989,66,Tier 1,47
4990,64,Tier 1,43
4991,52,Tier 3,115
4992,46,Tier 3,54
4993,69,Tier 2,3
4994,48,Tier 1,37
4995,52,Tier 3,87
4996,31,Tier 2,20
4997,57,Tier 1,20
4998,61,Tier 2,45
4999,54,Tier 2,43
5000,45,Tier 1,58
